wl,n
1.033000E-01,3.270000E-01
1.078000E-01,3.630000E-01
1.127000E-01,3.920000E-01
1.181000E-01,4.230000E-01
1.240000E-01,4.590000E-01
1.305000E-01,4.970000E-01
1.378000E-01,5.430000E-01
1.459000E-01,5.970000E-01
1.550000E-01,6.600000E-01
1.653000E-01,7.350000E-01
1.771000E-01,8.320000E-01
1.907000E-01,9.510000E-01
2.066000E-01,1.110000E+00
2.254000E-01,1.350000E+00
2.480000E-01,1.690000E+00
2.583000E-01,1.860000E+00
2.695000E-01,2.070000E+00
2.818000E-01,2.300000E+00
2.952000E-01,2.560000E+00
3.100000E-01,2.870000E+00
3.263000E-01,3.210000E+00
3.444000E-01,3.550000E+00
3.543000E-01,3.730000E+00
3.647000E-01,3.900000E+00
3.875000E-01,4.170000E+00
4.133000E-01,4.380000E+00
4.428000E-01,4.470000E+00
4.769000E-01,4.490000E+00
4.960000E-01,4.470000E+00
5.166000E-01,4.460000E+00
5.636000E-01,4.360000E+00
6.199000E-01,4.230000E+00
6.526000E-01,4.170000E+00
6.888000E-01,4.090000E+00
7.293000E-01,4.010000E+00
7.749000E-01,3.930000E+00
8.266000E-01,3.860000E+00
8.856000E-01,3.770000E+00
9.538000E-01,3.680000E+00
1.033000E+00,3.610000E+00
1.127000E+00,3.570000E+00
1.240000E+00,3.540000E+00
1.378000E+00,3.500000E+00
1.550000E+00,3.480000E+00
2.000000E+00,3.469867E+00
2.010000E+00,3.469867E+00
2.020000E+00,3.469867E+00
2.030000E+00,3.469867E+00
2.040000E+00,3.469867E+00
2.050000E+00,3.469867E+00
2.060000E+00,3.469867E+00
2.070000E+00,3.469867E+00
2.080000E+00,3.469867E+00
2.090000E+00,3.469867E+00
2.100000E+00,3.469867E+00
2.110000E+00,3.469867E+00
2.120000E+00,3.469867E+00
2.130000E+00,3.469867E+00
2.140000E+00,3.469867E+00
2.150000E+00,3.469867E+00
2.160000E+00,3.469867E+00
2.170000E+00,3.469867E+00
2.180000E+00,3.469867E+00
2.190000E+00,3.469867E+00
2.200000E+00,3.469867E+00
2.210000E+00,3.469867E+00
2.220000E+00,3.469866E+00
2.230000E+00,3.469866E+00
2.240000E+00,3.469866E+00
2.250000E+00,3.469866E+00
2.260000E+00,3.469866E+00
2.270000E+00,3.469866E+00
2.280000E+00,3.469866E+00
2.290000E+00,3.469866E+00
2.300000E+00,3.469866E+00
2.310000E+00,3.469866E+00
2.320000E+00,3.469866E+00
2.330000E+00,3.469866E+00
2.340000E+00,3.469866E+00
2.350000E+00,3.469866E+00
2.360000E+00,3.469866E+00
2.370000E+00,3.469866E+00
2.380000E+00,3.469866E+00
2.390000E+00,3.469866E+00
2.400000E+00,3.469866E+00
2.410000E+00,3.469866E+00
2.420000E+00,3.469866E+00
2.430000E+00,3.469866E+00
2.440000E+00,3.469866E+00
2.450000E+00,3.469866E+00
2.460000E+00,3.469866E+00
2.470000E+00,3.469866E+00
2.480000E+00,3.469866E+00
2.490000E+00,3.469865E+00
2.500000E+00,3.469865E+00
2.510000E+00,3.469865E+00
2.520000E+00,3.469865E+00
2.530000E+00,3.469865E+00
2.540000E+00,3.469865E+00
2.550000E+00,3.469865E+00
2.560000E+00,3.469865E+00
2.570000E+00,3.469865E+00
2.580000E+00,3.469865E+00
2.590000E+00,3.469865E+00
2.600000E+00,3.469865E+00
2.610000E+00,3.469865E+00
2.620000E+00,3.469865E+00
2.630000E+00,3.469865E+00
2.640000E+00,3.469865E+00
2.650000E+00,3.469865E+00
2.660000E+00,3.469865E+00
2.670000E+00,3.469865E+00
2.680000E+00,3.469865E+00
2.690000E+00,3.469865E+00
2.700000E+00,3.469865E+00
2.710000E+00,3.469865E+00
2.720000E+00,3.469864E+00
2.730000E+00,3.469864E+00
2.740000E+00,3.469864E+00
2.750000E+00,3.469864E+00
2.760000E+00,3.469864E+00
2.770000E+00,3.469864E+00
2.780000E+00,3.469864E+00
2.790000E+00,3.469864E+00
2.800000E+00,3.469864E+00
2.810000E+00,3.469864E+00
2.820000E+00,3.469864E+00
2.830000E+00,3.469864E+00
2.840000E+00,3.469864E+00
2.850000E+00,3.469864E+00
2.860000E+00,3.469864E+00
2.870000E+00,3.469864E+00
2.880000E+00,3.469864E+00
2.890000E+00,3.469864E+00
2.900000E+00,3.469864E+00
2.910000E+00,3.469864E+00
2.920000E+00,3.469864E+00
2.930000E+00,3.469864E+00
2.940000E+00,3.469863E+00
2.950000E+00,3.469863E+00
2.960000E+00,3.469863E+00
2.970000E+00,3.469863E+00
2.980000E+00,3.469863E+00
2.990000E+00,3.469863E+00
3.000000E+00,3.469863E+00
3.010000E+00,3.469863E+00
3.020000E+00,3.469863E+00
3.030000E+00,3.469863E+00
3.040000E+00,3.469863E+00
3.050000E+00,3.469863E+00
3.060000E+00,3.469863E+00
3.070000E+00,3.469863E+00
3.080000E+00,3.469863E+00
3.090000E+00,3.469863E+00
3.100000E+00,3.469863E+00
3.110000E+00,3.469863E+00
3.120000E+00,3.469863E+00
3.130000E+00,3.469862E+00
3.140000E+00,3.469862E+00
3.150000E+00,3.469862E+00
3.160000E+00,3.469862E+00
3.170000E+00,3.469862E+00
3.180000E+00,3.469862E+00
3.190000E+00,3.469862E+00
3.200000E+00,3.469862E+00
3.210000E+00,3.469862E+00
3.220000E+00,3.469862E+00
3.230000E+00,3.469862E+00
3.240000E+00,3.469862E+00
3.250000E+00,3.469862E+00
3.260000E+00,3.469862E+00
3.270000E+00,3.469862E+00
3.280000E+00,3.469862E+00
3.290000E+00,3.469862E+00
3.300000E+00,3.469862E+00
3.310000E+00,3.469862E+00
3.320000E+00,3.469861E+00
3.330000E+00,3.469861E+00
3.340000E+00,3.469861E+00
3.350000E+00,3.469861E+00
3.360000E+00,3.469861E+00
3.370000E+00,3.469861E+00
3.380000E+00,3.469861E+00
3.390000E+00,3.469861E+00
3.400000E+00,3.469861E+00
3.410000E+00,3.469861E+00
3.420000E+00,3.469861E+00
3.430000E+00,3.469861E+00
3.440000E+00,3.469861E+00
3.450000E+00,3.469861E+00
3.460000E+00,3.469861E+00
3.470000E+00,3.469861E+00
3.480000E+00,3.469861E+00
3.490000E+00,3.469860E+00
3.500000E+00,3.469860E+00
3.510000E+00,3.469860E+00
3.520000E+00,3.469860E+00
3.530000E+00,3.469860E+00
3.540000E+00,3.469860E+00
3.550000E+00,3.469860E+00
3.560000E+00,3.469860E+00
3.570000E+00,3.469860E+00
3.580000E+00,3.469860E+00
3.590000E+00,3.469860E+00
3.600000E+00,3.469860E+00
3.610000E+00,3.469860E+00
3.620000E+00,3.469860E+00
3.630000E+00,3.469860E+00
3.640000E+00,3.469860E+00
3.650000E+00,3.469859E+00
3.660000E+00,3.469859E+00
3.670000E+00,3.469859E+00
3.680000E+00,3.469859E+00
3.690000E+00,3.469859E+00
3.700000E+00,3.469859E+00
3.710000E+00,3.469859E+00
3.720000E+00,3.469859E+00
3.730000E+00,3.469859E+00
3.740000E+00,3.469859E+00
3.750000E+00,3.469859E+00
3.760000E+00,3.469859E+00
3.770000E+00,3.469859E+00
3.780000E+00,3.469859E+00
3.790000E+00,3.469859E+00
3.800000E+00,3.469858E+00
3.810000E+00,3.469858E+00
3.820000E+00,3.469858E+00
3.830000E+00,3.469858E+00
3.840000E+00,3.469858E+00
3.850000E+00,3.469858E+00
3.860000E+00,3.469858E+00
3.870000E+00,3.469858E+00
3.880000E+00,3.469858E+00
3.890000E+00,3.469858E+00
3.900000E+00,3.469858E+00
3.910000E+00,3.469858E+00
3.920000E+00,3.469858E+00
3.930000E+00,3.469858E+00
3.940000E+00,3.469858E+00
3.950000E+00,3.469857E+00
3.960000E+00,3.469857E+00
3.970000E+00,3.469857E+00
3.980000E+00,3.469857E+00
3.990000E+00,3.469857E+00
4.000000E+00,3.469857E+00
4.010000E+00,3.469857E+00
4.020000E+00,3.469857E+00
4.030000E+00,3.469857E+00
4.040000E+00,3.469857E+00
4.050000E+00,3.469857E+00
4.060000E+00,3.469857E+00
4.070000E+00,3.469857E+00
4.080000E+00,3.469857E+00
4.090000E+00,3.469856E+00
4.100000E+00,3.469856E+00
4.110000E+00,3.469856E+00
4.120000E+00,3.469856E+00
4.130000E+00,3.469856E+00
4.140000E+00,3.469856E+00
4.150000E+00,3.469856E+00
4.160000E+00,3.469856E+00
4.170000E+00,3.469856E+00
4.180000E+00,3.469856E+00
4.190000E+00,3.469856E+00
4.200000E+00,3.469856E+00
4.210000E+00,3.469856E+00
4.220000E+00,3.469855E+00
4.230000E+00,3.469855E+00
4.240000E+00,3.469855E+00
4.250000E+00,3.469855E+00
4.260000E+00,3.469855E+00
4.270000E+00,3.469855E+00
4.280000E+00,3.469855E+00
4.290000E+00,3.469855E+00
4.300000E+00,3.469855E+00
4.310000E+00,3.469855E+00
4.320000E+00,3.469855E+00
4.330000E+00,3.469855E+00
4.340000E+00,3.469854E+00
4.350000E+00,3.469854E+00
4.360000E+00,3.469854E+00
4.370000E+00,3.469854E+00
4.380000E+00,3.469854E+00
4.390000E+00,3.469854E+00
4.400000E+00,3.469854E+00
4.410000E+00,3.469854E+00
4.420000E+00,3.469854E+00
4.430000E+00,3.469854E+00
4.440000E+00,3.469854E+00
4.450000E+00,3.469854E+00
4.460000E+00,3.469853E+00
4.470000E+00,3.469853E+00
4.480000E+00,3.469853E+00
4.490000E+00,3.469853E+00
4.500000E+00,3.469853E+00
4.510000E+00,3.469853E+00
4.520000E+00,3.469853E+00
4.530000E+00,3.469853E+00
4.540000E+00,3.469853E+00
4.550000E+00,3.469853E+00
4.560000E+00,3.469853E+00
4.570000E+00,3.469853E+00
4.580000E+00,3.469852E+00
4.590000E+00,3.469852E+00
4.600000E+00,3.469852E+00
4.610000E+00,3.469852E+00
4.620000E+00,3.469852E+00
4.630000E+00,3.469852E+00
4.640000E+00,3.469852E+00
4.650000E+00,3.469852E+00
4.660000E+00,3.469852E+00
4.670000E+00,3.469852E+00
4.680000E+00,3.469852E+00
4.690000E+00,3.469851E+00
4.700000E+00,3.469851E+00
4.710000E+00,3.469851E+00
4.720000E+00,3.469851E+00
4.730000E+00,3.469851E+00
4.740000E+00,3.469851E+00
4.750000E+00,3.469851E+00
4.760000E+00,3.469851E+00
4.770000E+00,3.469851E+00
4.780000E+00,3.469851E+00
4.790000E+00,3.469851E+00
4.800000E+00,3.469850E+00
4.810000E+00,3.469850E+00
4.820000E+00,3.469850E+00
4.830000E+00,3.469850E+00
4.840000E+00,3.469850E+00
4.850000E+00,3.469850E+00
4.860000E+00,3.469850E+00
4.870000E+00,3.469850E+00
4.880000E+00,3.469850E+00
4.890000E+00,3.469850E+00
4.900000E+00,3.469849E+00
4.910000E+00,3.469849E+00
4.920000E+00,3.469849E+00
4.930000E+00,3.469849E+00
4.940000E+00,3.469849E+00
4.950000E+00,3.469849E+00
4.960000E+00,3.469849E+00
4.970000E+00,3.469849E+00
4.980000E+00,3.469849E+00
4.990000E+00,3.469849E+00
5.000000E+00,3.469848E+00
5.010000E+00,3.469848E+00
5.020000E+00,3.469848E+00
5.030000E+00,3.469848E+00
5.040000E+00,3.469848E+00
5.050000E+00,3.469848E+00
5.060000E+00,3.469848E+00
5.070000E+00,3.469848E+00
5.080000E+00,3.469848E+00
5.090000E+00,3.469848E+00
5.100000E+00,3.469847E+00
5.110000E+00,3.469847E+00
5.120000E+00,3.469847E+00
5.130000E+00,3.469847E+00
5.140000E+00,3.469847E+00
5.150000E+00,3.469847E+00
5.160000E+00,3.469847E+00
5.170000E+00,3.469847E+00
5.180000E+00,3.469847E+00
5.190000E+00,3.469847E+00
5.200000E+00,3.469846E+00
5.210000E+00,3.469846E+00
5.220000E+00,3.469846E+00
5.230000E+00,3.469846E+00
5.240000E+00,3.469846E+00
5.250000E+00,3.469846E+00
5.260000E+00,3.469846E+00
5.270000E+00,3.469846E+00
5.280000E+00,3.469846E+00
5.290000E+00,3.469845E+00
5.300000E+00,3.469845E+00
5.310000E+00,3.469845E+00
5.320000E+00,3.469845E+00
5.330000E+00,3.469845E+00
5.340000E+00,3.469845E+00
5.350000E+00,3.469845E+00
5.360000E+00,3.469845E+00
5.370000E+00,3.469845E+00
5.380000E+00,3.469844E+00
5.390000E+00,3.469844E+00
5.400000E+00,3.469844E+00
5.410000E+00,3.469844E+00
5.420000E+00,3.469844E+00
5.430000E+00,3.469844E+00
5.440000E+00,3.469844E+00
5.450000E+00,3.469844E+00
5.460000E+00,3.469843E+00
5.470000E+00,3.469843E+00
5.480000E+00,3.469843E+00
5.490000E+00,3.469843E+00
5.500000E+00,3.469843E+00
5.510000E+00,3.469843E+00
5.520000E+00,3.469843E+00
5.530000E+00,3.469843E+00
5.540000E+00,3.469842E+00
5.550000E+00,3.469842E+00
5.560000E+00,3.469842E+00
5.570000E+00,3.469842E+00
5.580000E+00,3.469842E+00
5.590000E+00,3.469842E+00
5.600000E+00,3.469842E+00
5.610000E+00,3.469842E+00
5.620000E+00,3.469842E+00
5.630000E+00,3.469841E+00
5.640000E+00,3.469841E+00
5.650000E+00,3.469841E+00
5.660000E+00,3.469841E+00
5.670000E+00,3.469841E+00
5.680000E+00,3.469841E+00
5.690000E+00,3.469841E+00
5.700000E+00,3.469840E+00
5.710000E+00,3.469840E+00
5.720000E+00,3.469840E+00
5.730000E+00,3.469840E+00
5.740000E+00,3.469840E+00
5.750000E+00,3.469840E+00
5.760000E+00,3.469840E+00
5.770000E+00,3.469840E+00
5.780000E+00,3.469839E+00
5.790000E+00,3.469839E+00
5.800000E+00,3.469839E+00
5.810000E+00,3.469839E+00
5.820000E+00,3.469839E+00
5.830000E+00,3.469839E+00
5.840000E+00,3.469839E+00
5.850000E+00,3.469839E+00
5.860000E+00,3.469838E+00
5.870000E+00,3.469838E+00
5.880000E+00,3.469838E+00
5.890000E+00,3.469838E+00
5.900000E+00,3.469838E+00
5.910000E+00,3.469838E+00
5.920000E+00,3.469838E+00
5.930000E+00,3.469837E+00
5.940000E+00,3.469837E+00
5.950000E+00,3.469837E+00
5.960000E+00,3.469837E+00
5.970000E+00,3.469837E+00
5.980000E+00,3.469837E+00
5.990000E+00,3.469837E+00
6.000000E+00,3.469836E+00
6.010000E+00,3.469836E+00
6.020000E+00,3.469836E+00
6.030000E+00,3.469836E+00
6.040000E+00,3.469836E+00
6.050000E+00,3.469836E+00
6.060000E+00,3.469836E+00
6.070000E+00,3.469835E+00
6.080000E+00,3.469835E+00
6.090000E+00,3.469835E+00
6.100000E+00,3.469835E+00
6.110000E+00,3.469835E+00
6.120000E+00,3.469835E+00
6.130000E+00,3.469835E+00
6.140000E+00,3.469834E+00
6.150000E+00,3.469834E+00
6.160000E+00,3.469834E+00
6.170000E+00,3.469834E+00
6.180000E+00,3.469834E+00
6.190000E+00,3.469834E+00
6.200000E+00,3.469833E+00
6.210000E+00,3.469833E+00
6.220000E+00,3.469833E+00
6.230000E+00,3.469833E+00
6.240000E+00,3.469833E+00
6.250000E+00,3.469833E+00
6.260000E+00,3.469833E+00
6.270000E+00,3.469832E+00
6.280000E+00,3.469832E+00
6.290000E+00,3.469832E+00
6.300000E+00,3.469832E+00
6.310000E+00,3.469832E+00
6.320000E+00,3.469832E+00
6.330000E+00,3.469831E+00
6.340000E+00,3.469831E+00
6.350000E+00,3.469831E+00
6.360000E+00,3.469831E+00
6.370000E+00,3.469831E+00
6.380000E+00,3.469831E+00
6.390000E+00,3.469830E+00
6.400000E+00,3.469830E+00
6.410000E+00,3.469830E+00
6.420000E+00,3.469830E+00
6.430000E+00,3.469830E+00
6.440000E+00,3.469830E+00
6.450000E+00,3.469829E+00
6.460000E+00,3.469829E+00
6.470000E+00,3.469829E+00
6.480000E+00,3.469829E+00
6.490000E+00,3.469829E+00
6.500000E+00,3.469829E+00
6.510000E+00,3.469828E+00
6.520000E+00,3.469828E+00
6.530000E+00,3.469828E+00
6.540000E+00,3.469828E+00
6.550000E+00,3.469828E+00
6.560000E+00,3.469828E+00
6.570000E+00,3.469827E+00
6.580000E+00,3.469827E+00
6.590000E+00,3.469827E+00
6.600000E+00,3.469827E+00
6.610000E+00,3.469827E+00
6.620000E+00,3.469826E+00
6.630000E+00,3.469826E+00
6.640000E+00,3.469826E+00
6.650000E+00,3.469826E+00
6.660000E+00,3.469826E+00
6.670000E+00,3.469826E+00
6.680000E+00,3.469825E+00
6.690000E+00,3.469825E+00
6.700000E+00,3.469825E+00
6.710000E+00,3.469825E+00
6.720000E+00,3.469825E+00
6.730000E+00,3.469824E+00
6.740000E+00,3.469824E+00
6.750000E+00,3.469824E+00
6.760000E+00,3.469824E+00
6.770000E+00,3.469824E+00
6.780000E+00,3.469823E+00
6.790000E+00,3.469823E+00
6.800000E+00,3.469823E+00
6.810000E+00,3.469823E+00
6.820000E+00,3.469823E+00
6.830000E+00,3.469822E+00
6.840000E+00,3.469822E+00
6.850000E+00,3.469822E+00
6.860000E+00,3.469822E+00
6.870000E+00,3.469822E+00
6.880000E+00,3.469821E+00
6.890000E+00,3.469821E+00
6.900000E+00,3.469821E+00
6.910000E+00,3.469821E+00
6.920000E+00,3.469821E+00
6.930000E+00,3.469820E+00
6.940000E+00,3.469820E+00
6.950000E+00,3.469820E+00
6.960000E+00,3.469820E+00
6.970000E+00,3.469820E+00
6.980000E+00,3.469819E+00
6.990000E+00,3.469819E+00
7.000000E+00,3.469819E+00
7.010000E+00,3.469819E+00
7.020000E+00,3.469819E+00
7.030000E+00,3.469818E+00
7.040000E+00,3.469818E+00
7.050000E+00,3.469818E+00
7.060000E+00,3.469818E+00
7.070000E+00,3.469817E+00
7.080000E+00,3.469817E+00
7.090000E+00,3.469817E+00
7.100000E+00,3.469817E+00
7.110000E+00,3.469817E+00
7.120000E+00,3.469816E+00
7.130000E+00,3.469816E+00
7.140000E+00,3.469816E+00
7.150000E+00,3.469816E+00
7.160000E+00,3.469815E+00
7.170000E+00,3.469815E+00
7.180000E+00,3.469815E+00
7.190000E+00,3.469815E+00
7.200000E+00,3.469814E+00
7.210000E+00,3.469814E+00
7.220000E+00,3.469814E+00
7.230000E+00,3.469814E+00
7.240000E+00,3.469814E+00
7.250000E+00,3.469813E+00
7.260000E+00,3.469813E+00
7.270000E+00,3.469813E+00
7.280000E+00,3.469813E+00
7.290000E+00,3.469812E+00
7.300000E+00,3.469812E+00
7.310000E+00,3.469812E+00
7.320000E+00,3.469812E+00
7.330000E+00,3.469811E+00
7.340000E+00,3.469811E+00
7.350000E+00,3.469811E+00
7.360000E+00,3.469811E+00
7.370000E+00,3.469810E+00
7.380000E+00,3.469810E+00
7.390000E+00,3.469810E+00
7.400000E+00,3.469809E+00
7.410000E+00,3.469809E+00
7.420000E+00,3.469809E+00
7.430000E+00,3.469809E+00
7.440000E+00,3.469808E+00
7.450000E+00,3.469808E+00
7.460000E+00,3.469808E+00
7.470000E+00,3.469808E+00
7.480000E+00,3.469807E+00
7.490000E+00,3.469807E+00
7.500000E+00,3.469807E+00
7.510000E+00,3.469807E+00
7.520000E+00,3.469806E+00
7.530000E+00,3.469806E+00
7.540000E+00,3.469806E+00
7.550000E+00,3.469805E+00
7.560000E+00,3.469805E+00
7.570000E+00,3.469805E+00
7.580000E+00,3.469804E+00
7.590000E+00,3.469804E+00
7.600000E+00,3.469804E+00
7.610000E+00,3.469804E+00
7.620000E+00,3.469803E+00
7.630000E+00,3.469803E+00
7.640000E+00,3.469803E+00
7.650000E+00,3.469802E+00
7.660000E+00,3.469802E+00
7.670000E+00,3.469802E+00
7.680000E+00,3.469801E+00
7.690000E+00,3.469801E+00
7.700000E+00,3.469801E+00
7.710000E+00,3.469801E+00
7.720000E+00,3.469800E+00
7.730000E+00,3.469800E+00
7.740000E+00,3.469800E+00
7.750000E+00,3.469799E+00
7.760000E+00,3.469799E+00
7.770000E+00,3.469799E+00
7.780000E+00,3.469798E+00
7.790000E+00,3.469798E+00
7.800000E+00,3.469798E+00
7.810000E+00,3.469797E+00
7.820000E+00,3.469797E+00
7.830000E+00,3.469796E+00
7.840000E+00,3.469796E+00
7.850000E+00,3.469796E+00
7.860000E+00,3.469795E+00
7.870000E+00,3.469795E+00
7.880000E+00,3.469795E+00
7.890000E+00,3.469794E+00
7.900000E+00,3.469794E+00
7.910000E+00,3.469794E+00
7.920000E+00,3.469793E+00
7.930000E+00,3.469793E+00
7.940000E+00,3.469792E+00
7.950000E+00,3.469792E+00
7.960000E+00,3.469792E+00
7.970000E+00,3.469791E+00
7.980000E+00,3.469791E+00
7.990000E+00,3.469790E+00
8.000000E+00,3.469790E+00
8.010000E+00,3.469790E+00
8.020000E+00,3.469789E+00
8.030000E+00,3.469789E+00
8.040000E+00,3.469788E+00
8.050000E+00,3.469788E+00
8.060000E+00,3.469788E+00
8.070000E+00,3.469787E+00
8.080000E+00,3.469787E+00
8.090000E+00,3.469786E+00
8.100000E+00,3.469786E+00
8.110000E+00,3.469785E+00
8.120000E+00,3.469785E+00
8.130000E+00,3.469784E+00
8.140000E+00,3.469784E+00
8.150000E+00,3.469783E+00
8.160000E+00,3.469783E+00
8.170000E+00,3.469782E+00
8.180000E+00,3.469782E+00
8.190000E+00,3.469781E+00
8.200000E+00,3.469781E+00
8.210000E+00,3.469780E+00
8.220000E+00,3.469780E+00
8.230000E+00,3.469779E+00
8.240000E+00,3.469779E+00
8.250000E+00,3.469778E+00
8.260000E+00,3.469778E+00
8.270000E+00,3.469777E+00
8.280000E+00,3.469777E+00
8.290000E+00,3.469776E+00
8.300000E+00,3.469775E+00
8.310000E+00,3.469775E+00
8.320000E+00,3.469774E+00
8.330000E+00,3.469774E+00
8.340000E+00,3.469773E+00
8.350000E+00,3.469772E+00
8.360000E+00,3.469772E+00
8.370000E+00,3.469771E+00
8.380000E+00,3.469770E+00
8.390000E+00,3.469770E+00
8.400000E+00,3.469769E+00
8.410000E+00,3.469768E+00
8.420000E+00,3.469768E+00
8.430000E+00,3.469767E+00
8.440000E+00,3.469766E+00
8.450000E+00,3.469765E+00
8.460000E+00,3.469765E+00
8.470000E+00,3.469764E+00
8.480000E+00,3.469763E+00
8.490000E+00,3.469762E+00
8.500000E+00,3.469761E+00
8.510000E+00,3.469760E+00
8.520000E+00,3.469760E+00
8.530000E+00,3.469759E+00
8.540000E+00,3.469758E+00
8.550000E+00,3.469757E+00
8.560000E+00,3.469756E+00
8.570000E+00,3.469755E+00
8.580000E+00,3.469754E+00
8.590000E+00,3.469753E+00
8.600000E+00,3.469751E+00
8.610000E+00,3.469750E+00
8.620000E+00,3.469749E+00
8.630000E+00,3.469748E+00
8.640000E+00,3.469747E+00
8.650000E+00,3.469745E+00
8.660000E+00,3.469744E+00
8.670000E+00,3.469743E+00
8.680000E+00,3.469741E+00
8.690000E+00,3.469740E+00
8.700000E+00,3.469738E+00
8.710000E+00,3.469737E+00
8.720000E+00,3.469735E+00
8.730000E+00,3.469733E+00
8.740000E+00,3.469732E+00
8.750000E+00,3.469730E+00
8.760000E+00,3.469728E+00
8.770000E+00,3.469726E+00
8.780000E+00,3.469724E+00
8.790000E+00,3.469722E+00
8.800000E+00,3.469720E+00
8.810000E+00,3.469717E+00
8.820000E+00,3.469715E+00
8.830000E+00,3.469712E+00
8.840000E+00,3.469710E+00
8.850000E+00,3.469707E+00
8.860000E+00,3.469704E+00
8.870000E+00,3.469702E+00
8.880000E+00,3.469699E+00
8.890000E+00,3.469696E+00
8.900000E+00,3.469694E+00
8.910000E+00,3.469691E+00
8.920000E+00,3.469689E+00
8.930000E+00,3.469687E+00
8.940000E+00,3.469686E+00
8.950000E+00,3.469686E+00
8.960000E+00,3.469686E+00
8.970000E+00,3.469689E+00
8.980000E+00,3.469693E+00
8.990000E+00,3.469699E+00
9.000000E+00,3.469708E+00
9.010000E+00,3.469720E+00
9.020000E+00,3.469734E+00
9.030000E+00,3.469751E+00
9.040000E+00,3.469768E+00
9.050000E+00,3.469786E+00
9.060000E+00,3.469803E+00
9.070000E+00,3.469818E+00
9.080000E+00,3.469831E+00
9.090000E+00,3.469841E+00
9.100000E+00,3.469849E+00
9.110000E+00,3.469854E+00
9.120000E+00,3.469857E+00
9.130000E+00,3.469858E+00
9.140000E+00,3.469858E+00
9.150000E+00,3.469858E+00
9.160000E+00,3.469856E+00
9.170000E+00,3.469854E+00
9.180000E+00,3.469852E+00
9.190000E+00,3.469850E+00
9.200000E+00,3.469847E+00
9.210000E+00,3.469844E+00
9.220000E+00,3.469842E+00
9.230000E+00,3.469839E+00
9.240000E+00,3.469837E+00
9.250000E+00,3.469834E+00
9.260000E+00,3.469832E+00
9.270000E+00,3.469829E+00
9.280000E+00,3.469827E+00
9.290000E+00,3.469824E+00
9.300000E+00,3.469822E+00
9.310000E+00,3.469820E+00
9.320000E+00,3.469818E+00
9.330000E+00,3.469816E+00
9.340000E+00,3.469814E+00
9.350000E+00,3.469812E+00
9.360000E+00,3.469811E+00
9.370000E+00,3.469809E+00
9.380000E+00,3.469807E+00
9.390000E+00,3.469805E+00
9.400000E+00,3.469804E+00
9.410000E+00,3.469802E+00
9.420000E+00,3.469801E+00
9.430000E+00,3.469799E+00
9.440000E+00,3.469798E+00
9.450000E+00,3.469796E+00
9.460000E+00,3.469795E+00
9.470000E+00,3.469794E+00
9.480000E+00,3.469792E+00
9.490000E+00,3.469791E+00
9.500000E+00,3.469790E+00
9.510000E+00,3.469789E+00
9.520000E+00,3.469787E+00
9.530000E+00,3.469786E+00
9.540000E+00,3.469785E+00
9.550000E+00,3.469784E+00
9.560000E+00,3.469783E+00
9.570000E+00,3.469782E+00
9.580000E+00,3.469781E+00
9.590000E+00,3.469780E+00
9.600000E+00,3.469778E+00
9.610000E+00,3.469777E+00
9.620000E+00,3.469776E+00
9.630000E+00,3.469775E+00
9.640000E+00,3.469774E+00
9.650000E+00,3.469773E+00
9.660000E+00,3.469772E+00
9.670000E+00,3.469771E+00
9.680000E+00,3.469770E+00
9.690000E+00,3.469769E+00
9.700000E+00,3.469768E+00
9.710000E+00,3.469767E+00
9.720000E+00,3.469767E+00
9.730000E+00,3.469766E+00
9.740000E+00,3.469765E+00
9.750000E+00,3.469764E+00
9.760000E+00,3.469763E+00
9.770000E+00,3.469762E+00
9.780000E+00,3.469761E+00
9.790000E+00,3.469760E+00
9.800000E+00,3.469759E+00
9.810000E+00,3.469758E+00
9.820000E+00,3.469757E+00
9.830000E+00,3.469756E+00
9.840000E+00,3.469756E+00
9.850000E+00,3.469755E+00
9.860000E+00,3.469754E+00
9.870000E+00,3.469753E+00
9.880000E+00,3.469752E+00
9.890000E+00,3.469751E+00
9.900000E+00,3.469750E+00
9.910000E+00,3.469749E+00
9.920000E+00,3.469748E+00
9.930000E+00,3.469748E+00
9.940000E+00,3.469747E+00
9.950000E+00,3.469746E+00
9.960000E+00,3.469745E+00
9.970000E+00,3.469744E+00
9.980000E+00,3.469743E+00
9.990000E+00,3.469742E+00
1.000000E+01,3.469741E+00
1.001000E+01,3.469741E+00
1.002000E+01,3.469740E+00
1.003000E+01,3.469739E+00
1.004000E+01,3.469738E+00
1.005000E+01,3.469737E+00
1.006000E+01,3.469736E+00
1.007000E+01,3.469735E+00
1.008000E+01,3.469735E+00
1.009000E+01,3.469734E+00
1.010000E+01,3.469733E+00
1.011000E+01,3.469732E+00
1.012000E+01,3.469731E+00
1.013000E+01,3.469730E+00
1.014000E+01,3.469729E+00
1.015000E+01,3.469728E+00
1.016000E+01,3.469728E+00
1.017000E+01,3.469727E+00
1.018000E+01,3.469726E+00
1.019000E+01,3.469725E+00
1.020000E+01,3.469724E+00
1.021000E+01,3.469723E+00
1.022000E+01,3.469722E+00
1.023000E+01,3.469721E+00
1.024000E+01,3.469721E+00
1.025000E+01,3.469720E+00
1.026000E+01,3.469719E+00
1.027000E+01,3.469718E+00
1.028000E+01,3.469717E+00
1.029000E+01,3.469716E+00
1.030000E+01,3.469715E+00
1.031000E+01,3.469715E+00
1.032000E+01,3.469714E+00
1.033000E+01,3.469713E+00
1.034000E+01,3.469712E+00
1.035000E+01,3.469711E+00
1.036000E+01,3.469710E+00
1.037000E+01,3.469710E+00
1.038000E+01,3.469709E+00
1.039000E+01,3.469708E+00
1.040000E+01,3.469707E+00
1.041000E+01,3.469706E+00
1.042000E+01,3.469705E+00
1.043000E+01,3.469705E+00
1.044000E+01,3.469704E+00
1.045000E+01,3.469703E+00
1.046000E+01,3.469702E+00
1.047000E+01,3.469701E+00
1.048000E+01,3.469701E+00
1.049000E+01,3.469700E+00
1.050000E+01,3.469699E+00
1.051000E+01,3.469698E+00
1.052000E+01,3.469698E+00
1.053000E+01,3.469697E+00
1.054000E+01,3.469696E+00
1.055000E+01,3.469696E+00
1.056000E+01,3.469695E+00
1.057000E+01,3.469694E+00
1.058000E+01,3.469694E+00
1.059000E+01,3.469693E+00
1.060000E+01,3.469692E+00
1.061000E+01,3.469692E+00
1.062000E+01,3.469691E+00
1.063000E+01,3.469691E+00
1.064000E+01,3.469690E+00
1.065000E+01,3.469690E+00
1.066000E+01,3.469689E+00
1.067000E+01,3.469689E+00
1.068000E+01,3.469688E+00
1.069000E+01,3.469688E+00
1.070000E+01,3.469688E+00
1.071000E+01,3.469687E+00
1.072000E+01,3.469687E+00
1.073000E+01,3.469687E+00
1.074000E+01,3.469686E+00
1.075000E+01,3.469686E+00
1.076000E+01,3.469686E+00
1.077000E+01,3.469686E+00
1.078000E+01,3.469686E+00
1.079000E+01,3.469686E+00
1.080000E+01,3.469686E+00
1.081000E+01,3.469686E+00
1.082000E+01,3.469686E+00
1.083000E+01,3.469686E+00
1.084000E+01,3.469687E+00
1.085000E+01,3.469687E+00
1.086000E+01,3.469687E+00
1.087000E+01,3.469688E+00
1.088000E+01,3.469688E+00
1.089000E+01,3.469689E+00
1.090000E+01,3.469689E+00
1.091000E+01,3.469690E+00
1.092000E+01,3.469690E+00
1.093000E+01,3.469691E+00
1.094000E+01,3.469692E+00
1.095000E+01,3.469693E+00
1.096000E+01,3.469694E+00
1.097000E+01,3.469695E+00
1.098000E+01,3.469696E+00
1.099000E+01,3.469697E+00
1.100000E+01,3.469698E+00
1.101000E+01,3.469700E+00
1.102000E+01,3.469701E+00
1.103000E+01,3.469702E+00
1.104000E+01,3.469704E+00
1.105000E+01,3.469705E+00
1.106000E+01,3.469707E+00
1.107000E+01,3.469709E+00
1.108000E+01,3.469710E+00
1.109000E+01,3.469712E+00
1.110000E+01,3.469714E+00
1.111000E+01,3.469716E+00
1.112000E+01,3.469718E+00
1.113000E+01,3.469720E+00
1.114000E+01,3.469722E+00
1.115000E+01,3.469724E+00
1.116000E+01,3.469726E+00
1.117000E+01,3.469728E+00
1.118000E+01,3.469730E+00
1.119000E+01,3.469733E+00
1.120000E+01,3.469735E+00
1.121000E+01,3.469737E+00
1.122000E+01,3.469739E+00
1.123000E+01,3.469742E+00
1.124000E+01,3.469744E+00
1.125000E+01,3.469746E+00
1.126000E+01,3.469748E+00
1.127000E+01,3.469751E+00
1.128000E+01,3.469753E+00
1.129000E+01,3.469755E+00
1.130000E+01,3.469757E+00
1.131000E+01,3.469760E+00
1.132000E+01,3.469762E+00
1.133000E+01,3.469764E+00
1.134000E+01,3.469766E+00
1.135000E+01,3.469768E+00
1.136000E+01,3.469770E+00
1.137000E+01,3.469772E+00
1.138000E+01,3.469774E+00
1.139000E+01,3.469776E+00
1.140000E+01,3.469777E+00
1.141000E+01,3.469779E+00
1.142000E+01,3.469781E+00
1.143000E+01,3.469783E+00
1.144000E+01,3.469784E+00
1.145000E+01,3.469786E+00
1.146000E+01,3.469787E+00
1.147000E+01,3.469788E+00
1.148000E+01,3.469790E+00
1.149000E+01,3.469791E+00
1.150000E+01,3.469792E+00
1.151000E+01,3.469793E+00
1.152000E+01,3.469794E+00
1.153000E+01,3.469795E+00
1.154000E+01,3.469796E+00
1.155000E+01,3.469797E+00
1.156000E+01,3.469798E+00
1.157000E+01,3.469799E+00
1.158000E+01,3.469799E+00
1.159000E+01,3.469800E+00
1.160000E+01,3.469800E+00
1.161000E+01,3.469801E+00
1.162000E+01,3.469801E+00
1.163000E+01,3.469802E+00
1.164000E+01,3.469802E+00
1.165000E+01,3.469802E+00
1.166000E+01,3.469802E+00
1.167000E+01,3.469802E+00
1.168000E+01,3.469803E+00
1.169000E+01,3.469803E+00
1.170000E+01,3.469803E+00
1.171000E+01,3.469803E+00
1.172000E+01,3.469802E+00
1.173000E+01,3.469802E+00
1.174000E+01,3.469802E+00
1.175000E+01,3.469802E+00
1.176000E+01,3.469802E+00
1.177000E+01,3.469801E+00
1.178000E+01,3.469801E+00
1.179000E+01,3.469800E+00
1.180000E+01,3.469800E+00
1.181000E+01,3.469800E+00
1.182000E+01,3.469799E+00
1.183000E+01,3.469799E+00
1.184000E+01,3.469798E+00
1.185000E+01,3.469797E+00
1.186000E+01,3.469797E+00
1.187000E+01,3.469796E+00
1.188000E+01,3.469795E+00
1.189000E+01,3.469795E+00
1.190000E+01,3.469794E+00
1.191000E+01,3.469793E+00
1.192000E+01,3.469792E+00
1.193000E+01,3.469792E+00
1.194000E+01,3.469791E+00
1.195000E+01,3.469790E+00
1.196000E+01,3.469789E+00
1.197000E+01,3.469788E+00
1.198000E+01,3.469787E+00
1.199000E+01,3.469786E+00
1.200000E+01,3.469785E+00
1.201000E+01,3.469784E+00
1.202000E+01,3.469783E+00
1.203000E+01,3.469782E+00
1.204000E+01,3.469781E+00
1.205000E+01,3.469780E+00
1.206000E+01,3.469779E+00
1.207000E+01,3.469778E+00
1.208000E+01,3.469777E+00
1.209000E+01,3.469776E+00
1.210000E+01,3.469775E+00
1.211000E+01,3.469774E+00
1.212000E+01,3.469773E+00
1.213000E+01,3.469772E+00
1.214000E+01,3.469770E+00
1.215000E+01,3.469769E+00
1.216000E+01,3.469768E+00
1.217000E+01,3.469767E+00
1.218000E+01,3.469766E+00
1.219000E+01,3.469764E+00
1.220000E+01,3.469763E+00
1.221000E+01,3.469762E+00
1.222000E+01,3.469761E+00
1.223000E+01,3.469759E+00
1.224000E+01,3.469758E+00
1.225000E+01,3.469757E+00
1.226000E+01,3.469756E+00
1.227000E+01,3.469754E+00
1.228000E+01,3.469753E+00
1.229000E+01,3.469752E+00
1.230000E+01,3.469750E+00
1.231000E+01,3.469749E+00
1.232000E+01,3.469748E+00
1.233000E+01,3.469746E+00
1.234000E+01,3.469745E+00
1.235000E+01,3.469743E+00
1.236000E+01,3.469742E+00
1.237000E+01,3.469741E+00
1.238000E+01,3.469739E+00
1.239000E+01,3.469738E+00
1.240000E+01,3.469736E+00
1.241000E+01,3.469735E+00
1.242000E+01,3.469733E+00
1.243000E+01,3.469732E+00
1.244000E+01,3.469731E+00
1.245000E+01,3.469729E+00
1.246000E+01,3.469728E+00
1.247000E+01,3.469726E+00
1.248000E+01,3.469725E+00
1.249000E+01,3.469723E+00
1.250000E+01,3.469722E+00
1.251000E+01,3.469720E+00
1.252000E+01,3.469718E+00
1.253000E+01,3.469717E+00
1.254000E+01,3.469715E+00
1.255000E+01,3.469714E+00
1.256000E+01,3.469712E+00
1.257000E+01,3.469711E+00
1.258000E+01,3.469709E+00
1.259000E+01,3.469708E+00
1.260000E+01,3.469706E+00
1.261000E+01,3.469704E+00
1.262000E+01,3.469703E+00
1.263000E+01,3.469701E+00
1.264000E+01,3.469699E+00
1.265000E+01,3.469698E+00
1.266000E+01,3.469696E+00
1.267000E+01,3.469695E+00
1.268000E+01,3.469693E+00
1.269000E+01,3.469691E+00
1.270000E+01,3.469690E+00
1.271000E+01,3.469688E+00
1.272000E+01,3.469686E+00
1.273000E+01,3.469685E+00
1.274000E+01,3.469683E+00
1.275000E+01,3.469681E+00
1.276000E+01,3.469680E+00
1.277000E+01,3.469678E+00
1.278000E+01,3.469676E+00
1.279000E+01,3.469675E+00
1.280000E+01,3.469673E+00
1.281000E+01,3.469672E+00
1.282000E+01,3.469670E+00
1.283000E+01,3.469668E+00
1.284000E+01,3.469667E+00
1.285000E+01,3.469665E+00
1.286000E+01,3.469664E+00
1.287000E+01,3.469662E+00
1.288000E+01,3.469661E+00
1.289000E+01,3.469659E+00
1.290000E+01,3.469658E+00
1.291000E+01,3.469656E+00
1.292000E+01,3.469655E+00
1.293000E+01,3.469653E+00
1.294000E+01,3.469652E+00
1.295000E+01,3.469651E+00
1.296000E+01,3.469650E+00
1.297000E+01,3.469648E+00
1.298000E+01,3.469647E+00
1.299000E+01,3.469646E+00
1.300000E+01,3.469645E+00
1.301000E+01,3.469644E+00
1.302000E+01,3.469643E+00
1.303000E+01,3.469643E+00
1.304000E+01,3.469642E+00
1.305000E+01,3.469641E+00
1.306000E+01,3.469641E+00
1.307000E+01,3.469640E+00
1.308000E+01,3.469640E+00
1.309000E+01,3.469640E+00
1.310000E+01,3.469640E+00
1.311000E+01,3.469640E+00
1.312000E+01,3.469640E+00
1.313000E+01,3.469641E+00
1.314000E+01,3.469641E+00
1.315000E+01,3.469642E+00
1.316000E+01,3.469643E+00
1.317000E+01,3.469644E+00
1.318000E+01,3.469646E+00
1.319000E+01,3.469647E+00
1.320000E+01,3.469649E+00
1.321000E+01,3.469651E+00
1.322000E+01,3.469653E+00
1.323000E+01,3.469655E+00
1.324000E+01,3.469657E+00
1.325000E+01,3.469660E+00
1.326000E+01,3.469663E+00
1.327000E+01,3.469666E+00
1.328000E+01,3.469669E+00
1.329000E+01,3.469673E+00
1.330000E+01,3.469676E+00
1.331000E+01,3.469680E+00
1.332000E+01,3.469684E+00
1.333000E+01,3.469688E+00
1.334000E+01,3.469692E+00
1.335000E+01,3.469697E+00
1.336000E+01,3.469701E+00
1.337000E+01,3.469706E+00
1.338000E+01,3.469710E+00
1.339000E+01,3.469715E+00
1.340000E+01,3.469719E+00
1.341000E+01,3.469724E+00
1.342000E+01,3.469728E+00
1.343000E+01,3.469733E+00
1.344000E+01,3.469737E+00
1.345000E+01,3.469742E+00
1.346000E+01,3.469746E+00
1.347000E+01,3.469750E+00
1.348000E+01,3.469754E+00
1.349000E+01,3.469758E+00
1.350000E+01,3.469762E+00
1.351000E+01,3.469766E+00
1.352000E+01,3.469769E+00
1.353000E+01,3.469772E+00
1.354000E+01,3.469775E+00
1.355000E+01,3.469778E+00
1.356000E+01,3.469781E+00
1.357000E+01,3.469783E+00
1.358000E+01,3.469786E+00
1.359000E+01,3.469788E+00
1.360000E+01,3.469790E+00
1.361000E+01,3.469791E+00
1.362000E+01,3.469793E+00
1.363000E+01,3.469794E+00
1.364000E+01,3.469795E+00
1.365000E+01,3.469796E+00
1.366000E+01,3.469797E+00
1.367000E+01,3.469798E+00
1.368000E+01,3.469798E+00
1.369000E+01,3.469798E+00
1.370000E+01,3.469798E+00
1.371000E+01,3.469798E+00
1.372000E+01,3.469798E+00
1.373000E+01,3.469798E+00
1.374000E+01,3.469798E+00
1.375000E+01,3.469797E+00
1.376000E+01,3.469796E+00
1.377000E+01,3.469796E+00
1.378000E+01,3.469795E+00
1.379000E+01,3.469794E+00
1.380000E+01,3.469793E+00
1.381000E+01,3.469792E+00
1.382000E+01,3.469791E+00
1.383000E+01,3.469790E+00
1.384000E+01,3.469788E+00
1.385000E+01,3.469787E+00
1.386000E+01,3.469786E+00
1.387000E+01,3.469784E+00
1.388000E+01,3.469783E+00
1.389000E+01,3.469781E+00
1.390000E+01,3.469780E+00
1.391000E+01,3.469778E+00
1.392000E+01,3.469776E+00
1.393000E+01,3.469775E+00
1.394000E+01,3.469773E+00
1.395000E+01,3.469771E+00
1.396000E+01,3.469769E+00
1.397000E+01,3.469768E+00
1.398000E+01,3.469766E+00
1.399000E+01,3.469764E+00
1.400000E+01,3.469762E+00
1.401000E+01,3.469760E+00
1.402000E+01,3.469758E+00
1.403000E+01,3.469756E+00
1.404000E+01,3.469754E+00
1.405000E+01,3.469752E+00
1.406000E+01,3.469750E+00
1.407000E+01,3.469748E+00
1.408000E+01,3.469746E+00
1.409000E+01,3.469744E+00
1.410000E+01,3.469742E+00
1.411000E+01,3.469740E+00
1.412000E+01,3.469738E+00
1.413000E+01,3.469736E+00
1.414000E+01,3.469734E+00
1.415000E+01,3.469732E+00
1.416000E+01,3.469730E+00
1.417000E+01,3.469728E+00
1.418000E+01,3.469726E+00
1.419000E+01,3.469724E+00
1.420000E+01,3.469722E+00
1.421000E+01,3.469719E+00
1.422000E+01,3.469717E+00
1.423000E+01,3.469715E+00
1.424000E+01,3.469713E+00
1.425000E+01,3.469711E+00
1.426000E+01,3.469709E+00
1.427000E+01,3.469707E+00
1.428000E+01,3.469705E+00
1.429000E+01,3.469702E+00
1.430000E+01,3.469700E+00
1.431000E+01,3.469698E+00
1.432000E+01,3.469696E+00
1.433000E+01,3.469694E+00
1.434000E+01,3.469692E+00
1.435000E+01,3.469689E+00
1.436000E+01,3.469687E+00
1.437000E+01,3.469685E+00
1.438000E+01,3.469683E+00
1.439000E+01,3.469681E+00
1.440000E+01,3.469678E+00
1.441000E+01,3.469676E+00
1.442000E+01,3.469674E+00
1.443000E+01,3.469672E+00
1.444000E+01,3.469669E+00
1.445000E+01,3.469667E+00
1.446000E+01,3.469665E+00
1.447000E+01,3.469663E+00
1.448000E+01,3.469660E+00
1.449000E+01,3.469658E+00
1.450000E+01,3.469656E+00
1.451000E+01,3.469654E+00
1.452000E+01,3.469651E+00
1.453000E+01,3.469649E+00
1.454000E+01,3.469647E+00
1.455000E+01,3.469644E+00
1.456000E+01,3.469642E+00
1.457000E+01,3.469640E+00
1.458000E+01,3.469638E+00
1.459000E+01,3.469635E+00
1.460000E+01,3.469633E+00
1.461000E+01,3.469630E+00
1.462000E+01,3.469628E+00
1.463000E+01,3.469626E+00
1.464000E+01,3.469623E+00
1.465000E+01,3.469621E+00
1.466000E+01,3.469619E+00
1.467000E+01,3.469616E+00
1.468000E+01,3.469614E+00
1.469000E+01,3.469611E+00
1.470000E+01,3.469609E+00
1.471000E+01,3.469607E+00
1.472000E+01,3.469604E+00
1.473000E+01,3.469602E+00
1.474000E+01,3.469599E+00
1.475000E+01,3.469597E+00
1.476000E+01,3.469594E+00
1.477000E+01,3.469592E+00
1.478000E+01,3.469589E+00
1.479000E+01,3.469587E+00
1.480000E+01,3.469584E+00
1.481000E+01,3.469582E+00
1.482000E+01,3.469579E+00
1.483000E+01,3.469577E+00
1.484000E+01,3.469574E+00
1.485000E+01,3.469572E+00
1.486000E+01,3.469569E+00
1.487000E+01,3.469567E+00
1.488000E+01,3.469564E+00
1.489000E+01,3.469561E+00
1.490000E+01,3.469559E+00
1.491000E+01,3.469556E+00
1.492000E+01,3.469554E+00
1.493000E+01,3.469551E+00
1.494000E+01,3.469548E+00
1.495000E+01,3.469546E+00
1.496000E+01,3.469543E+00
1.497000E+01,3.469540E+00
1.498000E+01,3.469538E+00
1.499000E+01,3.469535E+00
1.500000E+01,3.469532E+00
1.501000E+01,3.469529E+00
1.502000E+01,3.469527E+00
1.503000E+01,3.469524E+00
1.504000E+01,3.469521E+00
1.505000E+01,3.469519E+00
1.506000E+01,3.469516E+00
1.507000E+01,3.469513E+00
1.508000E+01,3.469510E+00
1.509000E+01,3.469507E+00
1.510000E+01,3.469505E+00
1.511000E+01,3.469502E+00
1.512000E+01,3.469499E+00
1.513000E+01,3.469496E+00
1.514000E+01,3.469493E+00
1.515000E+01,3.469490E+00
1.516000E+01,3.469488E+00
1.517000E+01,3.469485E+00
1.518000E+01,3.469482E+00
1.519000E+01,3.469479E+00
1.520000E+01,3.469476E+00
1.521000E+01,3.469473E+00
1.522000E+01,3.469470E+00
1.523000E+01,3.469468E+00
1.524000E+01,3.469465E+00
1.525000E+01,3.469462E+00
1.526000E+01,3.469459E+00
1.527000E+01,3.469456E+00
1.528000E+01,3.469453E+00
1.529000E+01,3.469450E+00
1.530000E+01,3.469447E+00
1.531000E+01,3.469445E+00
1.532000E+01,3.469442E+00
1.533000E+01,3.469439E+00
1.534000E+01,3.469436E+00
1.535000E+01,3.469433E+00
1.536000E+01,3.469430E+00
1.537000E+01,3.469427E+00
1.538000E+01,3.469424E+00
1.539000E+01,3.469422E+00
1.540000E+01,3.469419E+00
1.541000E+01,3.469416E+00
1.542000E+01,3.469413E+00
1.543000E+01,3.469411E+00
1.544000E+01,3.469408E+00
1.545000E+01,3.469405E+00
1.546000E+01,3.469402E+00
1.547000E+01,3.469400E+00
1.548000E+01,3.469397E+00
1.549000E+01,3.469394E+00
1.550000E+01,3.469392E+00
1.551000E+01,3.469389E+00
1.552000E+01,3.469387E+00
1.553000E+01,3.469384E+00
1.554000E+01,3.469382E+00
1.555000E+01,3.469380E+00
1.556000E+01,3.469377E+00
1.557000E+01,3.469375E+00
1.558000E+01,3.469373E+00
1.559000E+01,3.469371E+00
1.560000E+01,3.469369E+00
1.561000E+01,3.469367E+00
1.562000E+01,3.469365E+00
1.563000E+01,3.469363E+00
1.564000E+01,3.469361E+00
1.565000E+01,3.469359E+00
1.566000E+01,3.469358E+00
1.567000E+01,3.469356E+00
1.568000E+01,3.469355E+00
1.569000E+01,3.469353E+00
1.570000E+01,3.469352E+00
1.571000E+01,3.469351E+00
1.572000E+01,3.469350E+00
1.573000E+01,3.469349E+00
1.574000E+01,3.469349E+00
1.575000E+01,3.469348E+00
1.576000E+01,3.469348E+00
1.577000E+01,3.469347E+00
1.578000E+01,3.469347E+00
1.579000E+01,3.469347E+00
1.580000E+01,3.469347E+00
1.581000E+01,3.469348E+00
1.582000E+01,3.469348E+00
1.583000E+01,3.469349E+00
1.584000E+01,3.469350E+00
1.585000E+01,3.469352E+00
1.586000E+01,3.469353E+00
1.587000E+01,3.469355E+00
1.588000E+01,3.469357E+00
1.589000E+01,3.469359E+00
1.590000E+01,3.469361E+00
1.591000E+01,3.469364E+00
1.592000E+01,3.469367E+00
1.593000E+01,3.469370E+00
1.594000E+01,3.469374E+00
1.595000E+01,3.469377E+00
1.596000E+01,3.469382E+00
1.597000E+01,3.469386E+00
1.598000E+01,3.469391E+00
1.599000E+01,3.469396E+00
1.600000E+01,3.469401E+00
1.601000E+01,3.469407E+00
1.602000E+01,3.469413E+00
1.603000E+01,3.469420E+00
1.604000E+01,3.469427E+00
1.605000E+01,3.469434E+00
1.606000E+01,3.469442E+00
1.607000E+01,3.469450E+00
1.608000E+01,3.469458E+00
1.609000E+01,3.469467E+00
1.610000E+01,3.469476E+00
1.611000E+01,3.469486E+00
1.612000E+01,3.469495E+00
1.613000E+01,3.469506E+00
1.614000E+01,3.469517E+00
1.615000E+01,3.469528E+00
1.616000E+01,3.469539E+00
1.617000E+01,3.469551E+00
1.618000E+01,3.469563E+00
1.619000E+01,3.469576E+00
1.620000E+01,3.469589E+00
1.621000E+01,3.469602E+00
1.622000E+01,3.469615E+00
1.623000E+01,3.469629E+00
1.624000E+01,3.469644E+00
1.625000E+01,3.469658E+00
1.626000E+01,3.469673E+00
1.627000E+01,3.469688E+00
1.628000E+01,3.469703E+00
1.629000E+01,3.469719E+00
1.630000E+01,3.469734E+00
1.631000E+01,3.469750E+00
1.632000E+01,3.469766E+00
1.633000E+01,3.469782E+00
1.634000E+01,3.469799E+00
1.635000E+01,3.469815E+00
1.636000E+01,3.469831E+00
1.637000E+01,3.469848E+00
1.638000E+01,3.469864E+00
1.639000E+01,3.469881E+00
1.640000E+01,3.469897E+00
1.641000E+01,3.469914E+00
1.642000E+01,3.469930E+00
1.643000E+01,3.469947E+00
1.644000E+01,3.469963E+00
1.645000E+01,3.469979E+00
1.646000E+01,3.469995E+00
1.647000E+01,3.470010E+00
1.648000E+01,3.470026E+00
1.649000E+01,3.470041E+00
1.650000E+01,3.470056E+00
1.651000E+01,3.470071E+00
1.652000E+01,3.470086E+00
1.653000E+01,3.470100E+00
1.654000E+01,3.470114E+00
1.655000E+01,3.470128E+00
1.656000E+01,3.470141E+00
1.657000E+01,3.470154E+00
1.658000E+01,3.470167E+00
1.659000E+01,3.470179E+00
1.660000E+01,3.470191E+00
1.661000E+01,3.470203E+00
1.662000E+01,3.470214E+00
1.663000E+01,3.470225E+00
1.664000E+01,3.470236E+00
1.665000E+01,3.470246E+00
1.666000E+01,3.470256E+00
1.667000E+01,3.470265E+00
1.668000E+01,3.470275E+00
1.669000E+01,3.470283E+00
1.670000E+01,3.470292E+00
1.671000E+01,3.470300E+00
1.672000E+01,3.470308E+00
1.673000E+01,3.470315E+00
1.674000E+01,3.470322E+00
1.675000E+01,3.470329E+00
1.676000E+01,3.470335E+00
1.677000E+01,3.470341E+00
1.678000E+01,3.470347E+00
1.679000E+01,3.470353E+00
1.680000E+01,3.470358E+00
1.681000E+01,3.470363E+00
1.682000E+01,3.470367E+00
1.683000E+01,3.470372E+00
1.684000E+01,3.470376E+00
1.685000E+01,3.470379E+00
1.686000E+01,3.470383E+00
1.687000E+01,3.470386E+00
1.688000E+01,3.470389E+00
1.689000E+01,3.470392E+00
1.690000E+01,3.470395E+00
1.691000E+01,3.470397E+00
1.692000E+01,3.470399E+00
1.693000E+01,3.470401E+00
1.694000E+01,3.470403E+00
1.695000E+01,3.470404E+00
1.696000E+01,3.470406E+00
1.697000E+01,3.470407E+00
1.698000E+01,3.470408E+00
1.699000E+01,3.470409E+00
1.700000E+01,3.470409E+00
1.701000E+01,3.470410E+00
1.702000E+01,3.470410E+00
1.703000E+01,3.470411E+00
1.704000E+01,3.470411E+00
1.705000E+01,3.470411E+00
1.706000E+01,3.470411E+00
1.707000E+01,3.470411E+00
1.708000E+01,3.470410E+00
1.709000E+01,3.470410E+00
1.710000E+01,3.470409E+00
1.711000E+01,3.470409E+00
1.712000E+01,3.470408E+00
1.713000E+01,3.470407E+00
1.714000E+01,3.470406E+00
1.715000E+01,3.470405E+00
1.716000E+01,3.470404E+00
1.717000E+01,3.470403E+00
1.718000E+01,3.470402E+00
1.719000E+01,3.470401E+00
1.720000E+01,3.470399E+00
1.721000E+01,3.470398E+00
1.722000E+01,3.470397E+00
1.723000E+01,3.470395E+00
1.724000E+01,3.470394E+00
1.725000E+01,3.470392E+00
1.726000E+01,3.470391E+00
1.727000E+01,3.470389E+00
1.728000E+01,3.470387E+00
1.729000E+01,3.470386E+00
1.730000E+01,3.470384E+00
1.731000E+01,3.470382E+00
1.732000E+01,3.470380E+00
1.733000E+01,3.470378E+00
1.734000E+01,3.470377E+00
1.735000E+01,3.470375E+00
1.736000E+01,3.470373E+00
1.737000E+01,3.470371E+00
1.738000E+01,3.470369E+00
1.739000E+01,3.470367E+00
1.740000E+01,3.470365E+00
1.741000E+01,3.470363E+00
1.742000E+01,3.470361E+00
1.743000E+01,3.470359E+00
1.744000E+01,3.470357E+00
1.745000E+01,3.470355E+00
1.746000E+01,3.470353E+00
1.747000E+01,3.470351E+00
1.748000E+01,3.470349E+00
1.749000E+01,3.470347E+00
1.750000E+01,3.470345E+00
1.751000E+01,3.470343E+00
1.752000E+01,3.470341E+00
1.753000E+01,3.470339E+00
1.754000E+01,3.470337E+00
1.755000E+01,3.470335E+00
1.756000E+01,3.470333E+00
1.757000E+01,3.470330E+00
1.758000E+01,3.470328E+00
1.759000E+01,3.470326E+00
1.760000E+01,3.470324E+00
1.761000E+01,3.470322E+00
1.762000E+01,3.470320E+00
1.763000E+01,3.470318E+00
1.764000E+01,3.470316E+00
1.765000E+01,3.470314E+00
1.766000E+01,3.470312E+00
1.767000E+01,3.470310E+00
1.768000E+01,3.470308E+00
1.769000E+01,3.470306E+00
1.770000E+01,3.470304E+00
1.771000E+01,3.470302E+00
1.772000E+01,3.470300E+00
1.773000E+01,3.470298E+00
1.774000E+01,3.470296E+00
1.775000E+01,3.470295E+00
1.776000E+01,3.470293E+00
1.777000E+01,3.470291E+00
1.778000E+01,3.470289E+00
1.779000E+01,3.470287E+00
1.780000E+01,3.470285E+00
1.781000E+01,3.470283E+00
1.782000E+01,3.470281E+00
1.783000E+01,3.470280E+00
1.784000E+01,3.470278E+00
1.785000E+01,3.470276E+00
1.786000E+01,3.470274E+00
1.787000E+01,3.470272E+00
1.788000E+01,3.470271E+00
1.789000E+01,3.470269E+00
1.790000E+01,3.470267E+00
1.791000E+01,3.470265E+00
1.792000E+01,3.470264E+00
1.793000E+01,3.470262E+00
1.794000E+01,3.470260E+00
1.795000E+01,3.470259E+00
1.796000E+01,3.470257E+00
1.797000E+01,3.470255E+00
1.798000E+01,3.470254E+00
1.799000E+01,3.470252E+00
1.800000E+01,3.470250E+00
1.801000E+01,3.470249E+00
1.802000E+01,3.470247E+00
1.803000E+01,3.470246E+00
1.804000E+01,3.470244E+00
1.805000E+01,3.470243E+00
1.806000E+01,3.470241E+00
1.807000E+01,3.470240E+00
1.808000E+01,3.470238E+00
1.809000E+01,3.470237E+00
1.810000E+01,3.470235E+00
1.811000E+01,3.470234E+00
1.812000E+01,3.470232E+00
1.813000E+01,3.470231E+00
1.814000E+01,3.470230E+00
1.815000E+01,3.470228E+00
1.816000E+01,3.470227E+00
1.817000E+01,3.470225E+00
1.818000E+01,3.470224E+00
1.819000E+01,3.470223E+00
1.820000E+01,3.470221E+00
1.821000E+01,3.470220E+00
1.822000E+01,3.470219E+00
1.823000E+01,3.470218E+00
1.824000E+01,3.470216E+00
1.825000E+01,3.470215E+00
1.826000E+01,3.470214E+00
1.827000E+01,3.470213E+00
1.828000E+01,3.470212E+00
1.829000E+01,3.470211E+00
1.830000E+01,3.470209E+00
1.831000E+01,3.470208E+00
1.832000E+01,3.470207E+00
1.833000E+01,3.470206E+00
1.834000E+01,3.470205E+00
1.835000E+01,3.470204E+00
1.836000E+01,3.470203E+00
1.837000E+01,3.470202E+00
1.838000E+01,3.470201E+00
1.839000E+01,3.470200E+00
1.840000E+01,3.470199E+00
1.841000E+01,3.470198E+00
1.842000E+01,3.470197E+00
1.843000E+01,3.470196E+00
1.844000E+01,3.470195E+00
1.845000E+01,3.470194E+00
1.846000E+01,3.470193E+00
1.847000E+01,3.470193E+00
1.848000E+01,3.470192E+00
1.849000E+01,3.470191E+00
1.850000E+01,3.470190E+00
1.851000E+01,3.470189E+00
1.852000E+01,3.470189E+00
1.853000E+01,3.470188E+00
1.854000E+01,3.470187E+00
1.855000E+01,3.470186E+00
1.856000E+01,3.470186E+00
1.857000E+01,3.470185E+00
1.858000E+01,3.470184E+00
1.859000E+01,3.470184E+00
1.860000E+01,3.470183E+00
1.861000E+01,3.470183E+00
1.862000E+01,3.470182E+00
1.863000E+01,3.470181E+00
1.864000E+01,3.470181E+00
1.865000E+01,3.470180E+00
1.866000E+01,3.470180E+00
1.867000E+01,3.470179E+00
1.868000E+01,3.470179E+00
1.869000E+01,3.470178E+00
1.870000E+01,3.470178E+00
1.871000E+01,3.470177E+00
1.872000E+01,3.470177E+00
1.873000E+01,3.470177E+00
1.874000E+01,3.470176E+00
1.875000E+01,3.470176E+00
1.876000E+01,3.470175E+00
1.877000E+01,3.470175E+00
1.878000E+01,3.470175E+00
1.879000E+01,3.470174E+00
1.880000E+01,3.470174E+00
1.881000E+01,3.470174E+00
1.882000E+01,3.470174E+00
1.883000E+01,3.470173E+00
1.884000E+01,3.470173E+00
1.885000E+01,3.470173E+00
1.886000E+01,3.470173E+00
1.887000E+01,3.470173E+00
1.888000E+01,3.470172E+00
1.889000E+01,3.470172E+00
1.890000E+01,3.470172E+00
1.891000E+01,3.470172E+00
1.892000E+01,3.470172E+00
1.893000E+01,3.470172E+00
1.894000E+01,3.470172E+00
1.895000E+01,3.470172E+00
1.896000E+01,3.470172E+00
1.897000E+01,3.470172E+00
1.898000E+01,3.470172E+00
1.899000E+01,3.470172E+00
1.900000E+01,3.470172E+00
1.901000E+01,3.470172E+00
1.902000E+01,3.470172E+00
1.903000E+01,3.470172E+00
1.904000E+01,3.470172E+00
1.905000E+01,3.470172E+00
1.906000E+01,3.470173E+00
1.907000E+01,3.470173E+00
1.908000E+01,3.470173E+00
1.909000E+01,3.470173E+00
1.910000E+01,3.470173E+00
1.911000E+01,3.470174E+00
1.912000E+01,3.470174E+00
1.913000E+01,3.470174E+00
1.914000E+01,3.470174E+00
1.915000E+01,3.470175E+00
1.916000E+01,3.470175E+00
1.917000E+01,3.470175E+00
1.918000E+01,3.470176E+00
1.919000E+01,3.470176E+00
1.920000E+01,3.470176E+00
1.921000E+01,3.470177E+00
1.922000E+01,3.470177E+00
1.923000E+01,3.470177E+00
1.924000E+01,3.470178E+00
1.925000E+01,3.470178E+00
1.926000E+01,3.470179E+00
1.927000E+01,3.470179E+00
1.928000E+01,3.470180E+00
1.929000E+01,3.470180E+00
1.930000E+01,3.470180E+00
1.931000E+01,3.470181E+00
1.932000E+01,3.470182E+00
1.933000E+01,3.470182E+00
1.934000E+01,3.470183E+00
1.935000E+01,3.470183E+00
1.936000E+01,3.470184E+00
1.937000E+01,3.470184E+00
1.938000E+01,3.470185E+00
1.939000E+01,3.470185E+00
1.940000E+01,3.470186E+00
1.941000E+01,3.470187E+00
1.942000E+01,3.470187E+00
1.943000E+01,3.470188E+00
1.944000E+01,3.470188E+00
1.945000E+01,3.470189E+00
1.946000E+01,3.470190E+00
1.947000E+01,3.470190E+00
1.948000E+01,3.470191E+00
1.949000E+01,3.470192E+00
1.950000E+01,3.470192E+00
1.951000E+01,3.470193E+00
1.952000E+01,3.470194E+00
1.953000E+01,3.470195E+00
1.954000E+01,3.470195E+00
1.955000E+01,3.470196E+00
1.956000E+01,3.470197E+00
1.957000E+01,3.470198E+00
1.958000E+01,3.470198E+00
1.959000E+01,3.470199E+00
1.960000E+01,3.470200E+00
1.961000E+01,3.470201E+00
1.962000E+01,3.470201E+00
1.963000E+01,3.470202E+00
1.964000E+01,3.470203E+00
1.965000E+01,3.470204E+00
1.966000E+01,3.470204E+00
1.967000E+01,3.470205E+00
1.968000E+01,3.470206E+00
1.969000E+01,3.470207E+00
1.970000E+01,3.470208E+00
1.971000E+01,3.470208E+00
1.972000E+01,3.470209E+00
1.973000E+01,3.470210E+00
1.974000E+01,3.470211E+00
1.975000E+01,3.470212E+00
1.976000E+01,3.470213E+00
1.977000E+01,3.470213E+00
1.978000E+01,3.470214E+00
1.979000E+01,3.470215E+00
1.980000E+01,3.470216E+00
1.981000E+01,3.470217E+00
1.982000E+01,3.470218E+00
1.983000E+01,3.470218E+00
1.984000E+01,3.470219E+00
1.985000E+01,3.470220E+00
1.986000E+01,3.470221E+00
1.987000E+01,3.470222E+00
1.988000E+01,3.470223E+00
1.989000E+01,3.470223E+00
1.990000E+01,3.470224E+00
1.991000E+01,3.470225E+00
1.992000E+01,3.470226E+00
1.993000E+01,3.470227E+00
1.994000E+01,3.470228E+00
1.995000E+01,3.470228E+00
1.996000E+01,3.470229E+00
1.997000E+01,3.470230E+00
1.998000E+01,3.470231E+00
1.999000E+01,3.470232E+00
2.000000E+01,3.470232E+00
wl,k
1.033000E-01,7.260000E-01
1.078000E-01,8.470000E-01
1.127000E-01,9.460000E-01
1.181000E-01,1.040000E+00
1.240000E-01,1.140000E+00
1.305000E-01,1.240000E+00
1.378000E-01,1.350000E+00
1.459000E-01,1.470000E+00
1.550000E-01,1.600000E+00
1.653000E-01,1.740000E+00
1.771000E-01,1.890000E+00
1.907000E-01,2.070000E+00
2.066000E-01,2.280000E+00
2.254000E-01,2.510000E+00
2.480000E-01,2.760000E+00
2.583000E-01,2.850000E+00
2.695000E-01,2.930000E+00
2.818000E-01,2.990000E+00
2.952000E-01,3.040000E+00
3.100000E-01,3.060000E+00
3.263000E-01,3.000000E+00
3.444000E-01,2.880000E+00
3.543000E-01,2.790000E+00
3.647000E-01,2.660000E+00
3.875000E-01,2.380000E+00
4.133000E-01,2.020000E+00
4.428000E-01,1.640000E+00
4.769000E-01,1.280000E+00
4.960000E-01,1.120000E+00
5.166000E-01,9.690000E-01
5.636000E-01,6.900000E-01
6.199000E-01,4.610000E-01
6.526000E-01,3.630000E-01
6.888000E-01,2.710000E-01
7.293000E-01,1.990000E-01
7.749000E-01,1.360000E-01
8.266000E-01,8.120000E-02
8.856000E-01,4.010000E-02
9.538000E-01,0.000000E+00
1.033000E+00,0.000000E+00
1.127000E+00,0.000000E+00
1.240000E+00,0.000000E+00
1.378000E+00,0.000000E+00
1.550000E+00,0.000000E+00
2.000000E+00,4.260000E-08
2.010000E+00,4.330000E-08
2.020000E+00,4.390000E-08
2.030000E+00,4.460000E-08
2.040000E+00,4.530000E-08
2.050000E+00,4.600000E-08
2.060000E+00,4.670000E-08
2.070000E+00,4.740000E-08
2.080000E+00,4.810000E-08
2.090000E+00,4.880000E-08
2.100000E+00,4.950000E-08
2.110000E+00,5.030000E-08
2.120000E+00,5.100000E-08
2.130000E+00,5.180000E-08
2.140000E+00,5.250000E-08
2.150000E+00,5.330000E-08
2.160000E+00,5.410000E-08
2.170000E+00,5.480000E-08
2.180000E+00,5.560000E-08
2.190000E+00,5.640000E-08
2.200000E+00,5.720000E-08
2.210000E+00,5.800000E-08
2.220000E+00,5.880000E-08
2.230000E+00,5.970000E-08
2.240000E+00,6.050000E-08
2.250000E+00,6.140000E-08
2.260000E+00,6.220000E-08
2.270000E+00,6.310000E-08
2.280000E+00,6.390000E-08
2.290000E+00,6.480000E-08
2.300000E+00,6.570000E-08
2.310000E+00,6.660000E-08
2.320000E+00,6.750000E-08
2.330000E+00,6.840000E-08
2.340000E+00,6.930000E-08
2.350000E+00,7.020000E-08
2.360000E+00,7.120000E-08
2.370000E+00,7.210000E-08
2.380000E+00,7.310000E-08
2.390000E+00,7.400000E-08
2.400000E+00,7.500000E-08
2.410000E+00,7.600000E-08
2.420000E+00,7.700000E-08
2.430000E+00,7.800000E-08
2.440000E+00,7.900000E-08
2.450000E+00,8.000000E-08
2.460000E+00,8.100000E-08
2.470000E+00,8.200000E-08
2.480000E+00,8.310000E-08
2.490000E+00,8.410000E-08
2.500000E+00,8.520000E-08
2.510000E+00,8.630000E-08
2.520000E+00,8.740000E-08
2.530000E+00,8.840000E-08
2.540000E+00,8.950000E-08
2.550000E+00,9.070000E-08
2.560000E+00,9.180000E-08
2.570000E+00,9.290000E-08
2.580000E+00,9.400000E-08
2.590000E+00,9.520000E-08
2.600000E+00,9.640000E-08
2.610000E+00,9.750000E-08
2.620000E+00,9.870000E-08
2.630000E+00,9.990000E-08
2.640000E+00,1.011000E-07
2.650000E+00,1.023000E-07
2.660000E+00,1.035000E-07
2.670000E+00,1.048000E-07
2.680000E+00,1.060000E-07
2.690000E+00,1.072000E-07
2.700000E+00,1.085000E-07
2.710000E+00,1.098000E-07
2.720000E+00,1.111000E-07
2.730000E+00,1.124000E-07
2.740000E+00,1.137000E-07
2.750000E+00,1.150000E-07
2.760000E+00,1.163000E-07
2.770000E+00,1.176000E-07
2.780000E+00,1.190000E-07
2.790000E+00,1.204000E-07
2.800000E+00,1.217000E-07
2.810000E+00,1.231000E-07
2.820000E+00,1.245000E-07
2.830000E+00,1.259000E-07
2.840000E+00,1.273000E-07
2.850000E+00,1.287000E-07
2.860000E+00,1.302000E-07
2.870000E+00,1.316000E-07
2.880000E+00,1.331000E-07
2.890000E+00,1.346000E-07
2.900000E+00,1.361000E-07
2.910000E+00,1.376000E-07
2.920000E+00,1.391000E-07
2.930000E+00,1.406000E-07
2.940000E+00,1.421000E-07
2.950000E+00,1.437000E-07
2.960000E+00,1.452000E-07
2.970000E+00,1.468000E-07
2.980000E+00,1.484000E-07
2.990000E+00,1.500000E-07
3.000000E+00,1.516000E-07
3.010000E+00,1.532000E-07
3.020000E+00,1.548000E-07
3.030000E+00,1.565000E-07
3.040000E+00,1.581000E-07
3.050000E+00,1.598000E-07
3.060000E+00,1.615000E-07
3.070000E+00,1.632000E-07
3.080000E+00,1.649000E-07
3.090000E+00,1.666000E-07
3.100000E+00,1.683000E-07
3.110000E+00,1.701000E-07
3.120000E+00,1.719000E-07
3.130000E+00,1.736000E-07
3.140000E+00,1.754000E-07
3.150000E+00,1.772000E-07
3.160000E+00,1.790000E-07
3.170000E+00,1.809000E-07
3.180000E+00,1.827000E-07
3.190000E+00,1.846000E-07
3.200000E+00,1.864000E-07
3.210000E+00,1.883000E-07
3.220000E+00,1.902000E-07
3.230000E+00,1.921000E-07
3.240000E+00,1.941000E-07
3.250000E+00,1.960000E-07
3.260000E+00,1.980000E-07
3.270000E+00,1.999000E-07
3.280000E+00,2.019000E-07
3.290000E+00,2.039000E-07
3.300000E+00,2.059000E-07
3.310000E+00,2.079000E-07
3.320000E+00,2.100000E-07
3.330000E+00,2.120000E-07
3.340000E+00,2.141000E-07
3.350000E+00,2.162000E-07
3.360000E+00,2.183000E-07
3.370000E+00,2.204000E-07
3.380000E+00,2.226000E-07
3.390000E+00,2.247000E-07
3.400000E+00,2.269000E-07
3.410000E+00,2.290000E-07
3.420000E+00,2.312000E-07
3.430000E+00,2.334000E-07
3.440000E+00,2.357000E-07
3.450000E+00,2.379000E-07
3.460000E+00,2.402000E-07
3.470000E+00,2.424000E-07
3.480000E+00,2.447000E-07
3.490000E+00,2.470000E-07
3.500000E+00,2.494000E-07
3.510000E+00,2.517000E-07
3.520000E+00,2.541000E-07
3.530000E+00,2.564000E-07
3.540000E+00,2.588000E-07
3.550000E+00,2.612000E-07
3.560000E+00,2.636000E-07
3.570000E+00,2.661000E-07
3.580000E+00,2.685000E-07
3.590000E+00,2.710000E-07
3.600000E+00,2.735000E-07
3.610000E+00,2.760000E-07
3.620000E+00,2.785000E-07
3.630000E+00,2.811000E-07
3.640000E+00,2.836000E-07
3.650000E+00,2.862000E-07
3.660000E+00,2.888000E-07
3.670000E+00,2.914000E-07
3.680000E+00,2.941000E-07
3.690000E+00,2.967000E-07
3.700000E+00,2.994000E-07
3.710000E+00,3.021000E-07
3.720000E+00,3.048000E-07
3.730000E+00,3.075000E-07
3.740000E+00,3.102000E-07
3.750000E+00,3.130000E-07
3.760000E+00,3.158000E-07
3.770000E+00,3.186000E-07
3.780000E+00,3.214000E-07
3.790000E+00,3.242000E-07
3.800000E+00,3.271000E-07
3.810000E+00,3.299000E-07
3.820000E+00,3.328000E-07
3.830000E+00,3.357000E-07
3.840000E+00,3.387000E-07
3.850000E+00,3.416000E-07
3.860000E+00,3.446000E-07
3.870000E+00,3.476000E-07
3.880000E+00,3.506000E-07
3.890000E+00,3.536000E-07
3.900000E+00,3.567000E-07
3.910000E+00,3.597000E-07
3.920000E+00,3.628000E-07
3.930000E+00,3.659000E-07
3.940000E+00,3.691000E-07
3.950000E+00,3.722000E-07
3.960000E+00,3.754000E-07
3.970000E+00,3.786000E-07
3.980000E+00,3.818000E-07
3.990000E+00,3.851000E-07
4.000000E+00,3.883000E-07
4.010000E+00,3.916000E-07
4.020000E+00,3.949000E-07
4.030000E+00,3.982000E-07
4.040000E+00,4.016000E-07
4.050000E+00,4.049000E-07
4.060000E+00,4.083000E-07
4.070000E+00,4.117000E-07
4.080000E+00,4.152000E-07
4.090000E+00,4.186000E-07
4.100000E+00,4.221000E-07
4.110000E+00,4.256000E-07
4.120000E+00,4.291000E-07
4.130000E+00,4.327000E-07
4.140000E+00,4.362000E-07
4.150000E+00,4.398000E-07
4.160000E+00,4.434000E-07
4.170000E+00,4.471000E-07
4.180000E+00,4.508000E-07
4.190000E+00,4.544000E-07
4.200000E+00,4.582000E-07
4.210000E+00,4.619000E-07
4.220000E+00,4.656000E-07
4.230000E+00,4.694000E-07
4.240000E+00,4.732000E-07
4.250000E+00,4.771000E-07
4.260000E+00,4.809000E-07
4.270000E+00,4.848000E-07
4.280000E+00,4.887000E-07
4.290000E+00,4.926000E-07
4.300000E+00,4.966000E-07
4.310000E+00,5.006000E-07
4.320000E+00,5.046000E-07
4.330000E+00,5.086000E-07
4.340000E+00,5.127000E-07
4.350000E+00,5.168000E-07
4.360000E+00,5.209000E-07
4.370000E+00,5.250000E-07
4.380000E+00,5.292000E-07
4.390000E+00,5.334000E-07
4.400000E+00,5.376000E-07
4.410000E+00,5.418000E-07
4.420000E+00,5.461000E-07
4.430000E+00,5.504000E-07
4.440000E+00,5.547000E-07
4.450000E+00,5.591000E-07
4.460000E+00,5.635000E-07
4.470000E+00,5.679000E-07
4.480000E+00,5.723000E-07
4.490000E+00,5.768000E-07
4.500000E+00,5.812000E-07
4.510000E+00,5.858000E-07
4.520000E+00,5.903000E-07
4.530000E+00,5.949000E-07
4.540000E+00,5.995000E-07
4.550000E+00,6.041000E-07
4.560000E+00,6.088000E-07
4.570000E+00,6.135000E-07
4.580000E+00,6.182000E-07
4.590000E+00,6.230000E-07
4.600000E+00,6.277000E-07
4.610000E+00,6.326000E-07
4.620000E+00,6.374000E-07
4.630000E+00,6.423000E-07
4.640000E+00,6.472000E-07
4.650000E+00,6.521000E-07
4.660000E+00,6.571000E-07
4.670000E+00,6.621000E-07
4.680000E+00,6.671000E-07
4.690000E+00,6.722000E-07
4.700000E+00,6.773000E-07
4.710000E+00,6.824000E-07
4.720000E+00,6.875000E-07
4.730000E+00,6.927000E-07
4.740000E+00,6.979000E-07
4.750000E+00,7.032000E-07
4.760000E+00,7.085000E-07
4.770000E+00,7.138000E-07
4.780000E+00,7.191000E-07
4.790000E+00,7.245000E-07
4.800000E+00,7.299000E-07
4.810000E+00,7.354000E-07
4.820000E+00,7.409000E-07
4.830000E+00,7.464000E-07
4.840000E+00,7.520000E-07
4.850000E+00,7.576000E-07
4.860000E+00,7.632000E-07
4.870000E+00,7.688000E-07
4.880000E+00,7.745000E-07
4.890000E+00,7.803000E-07
4.900000E+00,7.860000E-07
4.910000E+00,7.918000E-07
4.920000E+00,7.977000E-07
4.930000E+00,8.035000E-07
4.940000E+00,8.094000E-07
4.950000E+00,8.154000E-07
4.960000E+00,8.214000E-07
4.970000E+00,8.274000E-07
4.980000E+00,8.335000E-07
4.990000E+00,8.396000E-07
5.000000E+00,8.457000E-07
5.010000E+00,8.519000E-07
5.020000E+00,8.581000E-07
5.030000E+00,8.643000E-07
5.040000E+00,8.706000E-07
5.050000E+00,8.769000E-07
5.060000E+00,8.833000E-07
5.070000E+00,8.897000E-07
5.080000E+00,8.962000E-07
5.090000E+00,9.026000E-07
5.100000E+00,9.092000E-07
5.110000E+00,9.157000E-07
5.120000E+00,9.223000E-07
5.130000E+00,9.290000E-07
5.140000E+00,9.357000E-07
5.150000E+00,9.424000E-07
5.160000E+00,9.492000E-07
5.170000E+00,9.560000E-07
5.180000E+00,9.629000E-07
5.190000E+00,9.698000E-07
5.200000E+00,9.767000E-07
5.210000E+00,9.837000E-07
5.220000E+00,9.907000E-07
5.230000E+00,9.978000E-07
5.240000E+00,1.004900E-06
5.250000E+00,1.012100E-06
5.260000E+00,1.019300E-06
5.270000E+00,1.026500E-06
5.280000E+00,1.033800E-06
5.290000E+00,1.041200E-06
5.300000E+00,1.048600E-06
5.310000E+00,1.056000E-06
5.320000E+00,1.063500E-06
5.330000E+00,1.071000E-06
5.340000E+00,1.078600E-06
5.350000E+00,1.086200E-06
5.360000E+00,1.093900E-06
5.370000E+00,1.101600E-06
5.380000E+00,1.109300E-06
5.390000E+00,1.117200E-06
5.400000E+00,1.125000E-06
5.410000E+00,1.132900E-06
5.420000E+00,1.140900E-06
5.430000E+00,1.148900E-06
5.440000E+00,1.157000E-06
5.450000E+00,1.165100E-06
5.460000E+00,1.173200E-06
5.470000E+00,1.181500E-06
5.480000E+00,1.189700E-06
5.490000E+00,1.198000E-06
5.500000E+00,1.206400E-06
5.510000E+00,1.214800E-06
5.520000E+00,1.223300E-06
5.530000E+00,1.231800E-06
5.540000E+00,1.240400E-06
5.550000E+00,1.249100E-06
5.560000E+00,1.257700E-06
5.570000E+00,1.266500E-06
5.580000E+00,1.275300E-06
5.590000E+00,1.284100E-06
5.600000E+00,1.293100E-06
5.610000E+00,1.302000E-06
5.620000E+00,1.311000E-06
5.630000E+00,1.320100E-06
5.640000E+00,1.329300E-06
5.650000E+00,1.338500E-06
5.660000E+00,1.347700E-06
5.670000E+00,1.357000E-06
5.680000E+00,1.366400E-06
5.690000E+00,1.375800E-06
5.700000E+00,1.385300E-06
5.710000E+00,1.394900E-06
5.720000E+00,1.404500E-06
5.730000E+00,1.414200E-06
5.740000E+00,1.423900E-06
5.750000E+00,1.433700E-06
5.760000E+00,1.443600E-06
5.770000E+00,1.453500E-06
5.780000E+00,1.463500E-06
5.790000E+00,1.473500E-06
5.800000E+00,1.483600E-06
5.810000E+00,1.493800E-06
5.820000E+00,1.504100E-06
5.830000E+00,1.514400E-06
5.840000E+00,1.524700E-06
5.850000E+00,1.535200E-06
5.860000E+00,1.545700E-06
5.870000E+00,1.556300E-06
5.880000E+00,1.566900E-06
5.890000E+00,1.577600E-06
5.900000E+00,1.588400E-06
5.910000E+00,1.599300E-06
5.920000E+00,1.610200E-06
5.930000E+00,1.621200E-06
5.940000E+00,1.632300E-06
5.950000E+00,1.643400E-06
5.960000E+00,1.654600E-06
5.970000E+00,1.665900E-06
5.980000E+00,1.677300E-06
5.990000E+00,1.688700E-06
6.000000E+00,1.700200E-06
6.010000E+00,1.711800E-06
6.020000E+00,1.723400E-06
6.030000E+00,1.735200E-06
6.040000E+00,1.747000E-06
6.050000E+00,1.758900E-06
6.060000E+00,1.770800E-06
6.070000E+00,1.782900E-06
6.080000E+00,1.795000E-06
6.090000E+00,1.807200E-06
6.100000E+00,1.819500E-06
6.110000E+00,1.831800E-06
6.120000E+00,1.844300E-06
6.130000E+00,1.856800E-06
6.140000E+00,1.869400E-06
6.150000E+00,1.882100E-06
6.160000E+00,1.894900E-06
6.170000E+00,1.907800E-06
6.180000E+00,1.920700E-06
6.190000E+00,1.933800E-06
6.200000E+00,1.946900E-06
6.210000E+00,1.960100E-06
6.220000E+00,1.973400E-06
6.230000E+00,1.986800E-06
6.240000E+00,2.000300E-06
6.250000E+00,2.013800E-06
6.260000E+00,2.027500E-06
6.270000E+00,2.041300E-06
6.280000E+00,2.055100E-06
6.290000E+00,2.069100E-06
6.300000E+00,2.083100E-06
6.310000E+00,2.097200E-06
6.320000E+00,2.111500E-06
6.330000E+00,2.125800E-06
6.340000E+00,2.140200E-06
6.350000E+00,2.154700E-06
6.360000E+00,2.169400E-06
6.370000E+00,2.184100E-06
6.380000E+00,2.198900E-06
6.390000E+00,2.213800E-06
6.400000E+00,2.228900E-06
6.410000E+00,2.244000E-06
6.420000E+00,2.259200E-06
6.430000E+00,2.274600E-06
6.440000E+00,2.290000E-06
6.450000E+00,2.305600E-06
6.460000E+00,2.321300E-06
6.470000E+00,2.337000E-06
6.480000E+00,2.352900E-06
6.490000E+00,2.368900E-06
6.500000E+00,2.385000E-06
6.510000E+00,2.401300E-06
6.520000E+00,2.417600E-06
6.530000E+00,2.434100E-06
6.540000E+00,2.450600E-06
6.550000E+00,2.467300E-06
6.560000E+00,2.484100E-06
6.570000E+00,2.501100E-06
6.580000E+00,2.518100E-06
6.590000E+00,2.535300E-06
6.600000E+00,2.552600E-06
6.610000E+00,2.570000E-06
6.620000E+00,2.587600E-06
6.630000E+00,2.605200E-06
6.640000E+00,2.623000E-06
6.650000E+00,2.641000E-06
6.660000E+00,2.659000E-06
6.670000E+00,2.677200E-06
6.680000E+00,2.695600E-06
6.690000E+00,2.714000E-06
6.700000E+00,2.732600E-06
6.710000E+00,2.751400E-06
6.720000E+00,2.770200E-06
6.730000E+00,2.789300E-06
6.740000E+00,2.808400E-06
6.750000E+00,2.827700E-06
6.760000E+00,2.847200E-06
6.770000E+00,2.866700E-06
6.780000E+00,2.886500E-06
6.790000E+00,2.906400E-06
6.800000E+00,2.926400E-06
6.810000E+00,2.946600E-06
6.820000E+00,2.966900E-06
6.830000E+00,2.987400E-06
6.840000E+00,3.008100E-06
6.850000E+00,3.028900E-06
6.860000E+00,3.049900E-06
6.870000E+00,3.071000E-06
6.880000E+00,3.092300E-06
6.890000E+00,3.113800E-06
6.900000E+00,3.135400E-06
6.910000E+00,3.157200E-06
6.920000E+00,3.179100E-06
6.930000E+00,3.201300E-06
6.940000E+00,3.223600E-06
6.950000E+00,3.246100E-06
6.960000E+00,3.268800E-06
6.970000E+00,3.291600E-06
6.980000E+00,3.314600E-06
6.990000E+00,3.337900E-06
7.000000E+00,3.361300E-06
7.010000E+00,3.384900E-06
7.020000E+00,3.408600E-06
7.030000E+00,3.432600E-06
7.040000E+00,3.456800E-06
7.050000E+00,3.481200E-06
7.060000E+00,3.505700E-06
7.070000E+00,3.530500E-06
7.080000E+00,3.555500E-06
7.090000E+00,3.580700E-06
7.100000E+00,3.606100E-06
7.110000E+00,3.631700E-06
7.120000E+00,3.657500E-06
7.130000E+00,3.683500E-06
7.140000E+00,3.709800E-06
7.150000E+00,3.736300E-06
7.160000E+00,3.763000E-06
7.170000E+00,3.789900E-06
7.180000E+00,3.817100E-06
7.190000E+00,3.844500E-06
7.200000E+00,3.872200E-06
7.210000E+00,3.900100E-06
7.220000E+00,3.928200E-06
7.230000E+00,3.956600E-06
7.240000E+00,3.985200E-06
7.250000E+00,4.014100E-06
7.260000E+00,4.043200E-06
7.270000E+00,4.072600E-06
7.280000E+00,4.102300E-06
7.290000E+00,4.132300E-06
7.300000E+00,4.162500E-06
7.310000E+00,4.193000E-06
7.320000E+00,4.223700E-06
7.330000E+00,4.254800E-06
7.340000E+00,4.286200E-06
7.350000E+00,4.317800E-06
7.360000E+00,4.349700E-06
7.370000E+00,4.382000E-06
7.380000E+00,4.414500E-06
7.390000E+00,4.447400E-06
7.400000E+00,4.480600E-06
7.410000E+00,4.514100E-06
7.420000E+00,4.547900E-06
7.430000E+00,4.582000E-06
7.440000E+00,4.616500E-06
7.450000E+00,4.651300E-06
7.460000E+00,4.686500E-06
7.470000E+00,4.722100E-06
7.480000E+00,4.757900E-06
7.490000E+00,4.794200E-06
7.500000E+00,4.830800E-06
7.510000E+00,4.867800E-06
7.520000E+00,4.905200E-06
7.530000E+00,4.943000E-06
7.540000E+00,4.981200E-06
7.550000E+00,5.019700E-06
7.560000E+00,5.058700E-06
7.570000E+00,5.098100E-06
7.580000E+00,5.137900E-06
7.590000E+00,5.178200E-06
7.600000E+00,5.218900E-06
7.610000E+00,5.260100E-06
7.620000E+00,5.301700E-06
7.630000E+00,5.343800E-06
7.640000E+00,5.386300E-06
7.650000E+00,5.429400E-06
7.660000E+00,5.472900E-06
7.670000E+00,5.516900E-06
7.680000E+00,5.561500E-06
7.690000E+00,5.606600E-06
7.700000E+00,5.652200E-06
7.710000E+00,5.698300E-06
7.720000E+00,5.745100E-06
7.730000E+00,5.792400E-06
7.740000E+00,5.840200E-06
7.750000E+00,5.888700E-06
7.760000E+00,5.937800E-06
7.770000E+00,5.987500E-06
7.780000E+00,6.037800E-06
7.790000E+00,6.088800E-06
7.800000E+00,6.140500E-06
7.810000E+00,6.192800E-06
7.820000E+00,6.245800E-06
7.830000E+00,6.299600E-06
7.840000E+00,6.354000E-06
7.850000E+00,6.409300E-06
7.860000E+00,6.465200E-06
7.870000E+00,6.522000E-06
7.880000E+00,6.579600E-06
7.890000E+00,6.638000E-06
7.900000E+00,6.697300E-06
7.910000E+00,6.757400E-06
7.920000E+00,6.818400E-06
7.930000E+00,6.880400E-06
7.940000E+00,6.943300E-06
7.950000E+00,7.007100E-06
7.960000E+00,7.072000E-06
7.970000E+00,7.137900E-06
7.980000E+00,7.204800E-06
7.990000E+00,7.272900E-06
8.000000E+00,7.342000E-06
8.010000E+00,7.412300E-06
8.020000E+00,7.483800E-06
8.030000E+00,7.556600E-06
8.040000E+00,7.630600E-06
8.050000E+00,7.705900E-06
8.060000E+00,7.782500E-06
8.070000E+00,7.860600E-06
8.080000E+00,7.940000E-06
8.090000E+00,8.021000E-06
8.100000E+00,8.103500E-06
8.110000E+00,8.187700E-06
8.120000E+00,8.273400E-06
8.130000E+00,8.360900E-06
8.140000E+00,8.450200E-06
8.150000E+00,8.541300E-06
8.160000E+00,8.634300E-06
8.170000E+00,8.729300E-06
8.180000E+00,8.826300E-06
8.190000E+00,8.925500E-06
8.200000E+00,9.027000E-06
8.210000E+00,9.130700E-06
8.220000E+00,9.236900E-06
8.230000E+00,9.345600E-06
8.240000E+00,9.456900E-06
8.250000E+00,9.571000E-06
8.260000E+00,9.687900E-06
8.270000E+00,9.807800E-06
8.280000E+00,9.930900E-06
8.290000E+00,1.005720E-05
8.300000E+00,1.018700E-05
8.310000E+00,1.032040E-05
8.320000E+00,1.045750E-05
8.330000E+00,1.059860E-05
8.340000E+00,1.074390E-05
8.350000E+00,1.089350E-05
8.360000E+00,1.104780E-05
8.370000E+00,1.120690E-05
8.380000E+00,1.137110E-05
8.390000E+00,1.154080E-05
8.400000E+00,1.171610E-05
8.410000E+00,1.189750E-05
8.420000E+00,1.208530E-05
8.430000E+00,1.227980E-05
8.440000E+00,1.248150E-05
8.450000E+00,1.269090E-05
8.460000E+00,1.290830E-05
8.470000E+00,1.313440E-05
8.480000E+00,1.336960E-05
8.490000E+00,1.361460E-05
8.500000E+00,1.387010E-05
8.510000E+00,1.413680E-05
8.520000E+00,1.441540E-05
8.530000E+00,1.470680E-05
8.540000E+00,1.501200E-05
8.550000E+00,1.533210E-05
8.560000E+00,1.566800E-05
8.570000E+00,1.602110E-05
8.580000E+00,1.639280E-05
8.590000E+00,1.678450E-05
8.600000E+00,1.719790E-05
8.610000E+00,1.763480E-05
8.620000E+00,1.809730E-05
8.630000E+00,1.858770E-05
8.640000E+00,1.910840E-05
8.650000E+00,1.966230E-05
8.660000E+00,2.025250E-05
8.670000E+00,2.088250E-05
8.680000E+00,2.155630E-05
8.690000E+00,2.227820E-05
8.700000E+00,2.305330E-05
8.710000E+00,2.388730E-05
8.720000E+00,2.478640E-05
8.730000E+00,2.575790E-05
8.740000E+00,2.681010E-05
8.750000E+00,2.795240E-05
8.760000E+00,2.919540E-05
8.770000E+00,3.055150E-05
8.780000E+00,3.203480E-05
8.790000E+00,3.366160E-05
8.800000E+00,3.545050E-05
8.810000E+00,3.742310E-05
8.820000E+00,3.960450E-05
8.830000E+00,4.202350E-05
8.840000E+00,4.471360E-05
8.850000E+00,4.771330E-05
8.860000E+00,5.106730E-05
8.870000E+00,5.482670E-05
8.880000E+00,5.904970E-05
8.890000E+00,6.380240E-05
8.900000E+00,6.915760E-05
8.910000E+00,7.519450E-05
8.920000E+00,8.199530E-05
8.930000E+00,8.963970E-05
8.940000E+00,9.819530E-05
8.950000E+00,1.077024E-04
8.960000E+00,1.181511E-04
8.970000E+00,1.294492E-04
8.980000E+00,1.413841E-04
8.990000E+00,1.535815E-04
9.000000E+00,1.654780E-04
9.010000E+00,1.763270E-04
9.020000E+00,1.852634E-04
9.030000E+00,1.914371E-04
9.040000E+00,1.941939E-04
9.050000E+00,1.932427E-04
9.060000E+00,1.887359E-04
9.070000E+00,1.812232E-04
9.080000E+00,1.715039E-04
9.090000E+00,1.604435E-04
9.100000E+00,1.488247E-04
9.110000E+00,1.372637E-04
9.120000E+00,1.261894E-04
9.130000E+00,1.158624E-04
9.140000E+00,1.064125E-04
9.150000E+00,9.787770E-05
9.160000E+00,9.023720E-05
9.170000E+00,8.343640E-05
9.180000E+00,7.740370E-05
9.190000E+00,7.206200E-05
9.200000E+00,6.733500E-05
9.210000E+00,6.315100E-05
9.220000E+00,5.944450E-05
9.230000E+00,5.615710E-05
9.240000E+00,5.323720E-05
9.250000E+00,5.063940E-05
9.260000E+00,4.832460E-05
9.270000E+00,4.625830E-05
9.280000E+00,4.441110E-05
9.290000E+00,4.275720E-05
9.300000E+00,4.127440E-05
9.310000E+00,3.994320E-05
9.320000E+00,3.874710E-05
9.330000E+00,3.767130E-05
9.340000E+00,3.670310E-05
9.350000E+00,3.583140E-05
9.360000E+00,3.504640E-05
9.370000E+00,3.433960E-05
9.380000E+00,3.370350E-05
9.390000E+00,3.313140E-05
9.400000E+00,3.261750E-05
9.410000E+00,3.215660E-05
9.420000E+00,3.174410E-05
9.430000E+00,3.137600E-05
9.440000E+00,3.104850E-05
9.450000E+00,3.075850E-05
9.460000E+00,3.050310E-05
9.470000E+00,3.027960E-05
9.480000E+00,3.008570E-05
9.490000E+00,2.991930E-05
9.500000E+00,2.977860E-05
9.510000E+00,2.966180E-05
9.520000E+00,2.956740E-05
9.530000E+00,2.949410E-05
9.540000E+00,2.944060E-05
9.550000E+00,2.940570E-05
9.560000E+00,2.938840E-05
9.570000E+00,2.938780E-05
9.580000E+00,2.940310E-05
9.590000E+00,2.943350E-05
9.600000E+00,2.947820E-05
9.610000E+00,2.953680E-05
9.620000E+00,2.960850E-05
9.630000E+00,2.969280E-05
9.640000E+00,2.978940E-05
9.650000E+00,2.989780E-05
9.660000E+00,3.001750E-05
9.670000E+00,3.014820E-05
9.680000E+00,3.028970E-05
9.690000E+00,3.044150E-05
9.700000E+00,3.060350E-05
9.710000E+00,3.077550E-05
9.720000E+00,3.095720E-05
9.730000E+00,3.114840E-05
9.740000E+00,3.134900E-05
9.750000E+00,3.155880E-05
9.760000E+00,3.177780E-05
9.770000E+00,3.200570E-05
9.780000E+00,3.224250E-05
9.790000E+00,3.248820E-05
9.800000E+00,3.274260E-05
9.810000E+00,3.300580E-05
9.820000E+00,3.327760E-05
9.830000E+00,3.355810E-05
9.840000E+00,3.384720E-05
9.850000E+00,3.414500E-05
9.860000E+00,3.445140E-05
9.870000E+00,3.476650E-05
9.880000E+00,3.509030E-05
9.890000E+00,3.542280E-05
9.900000E+00,3.576410E-05
9.910000E+00,3.611430E-05
9.920000E+00,3.647330E-05
9.930000E+00,3.684130E-05
9.940000E+00,3.721840E-05
9.950000E+00,3.760450E-05
9.960000E+00,3.800000E-05
9.970000E+00,3.840470E-05
9.980000E+00,3.881890E-05
9.990000E+00,3.924260E-05
1.000000E+01,3.967600E-05
1.001000E+01,4.011930E-05
1.002000E+01,4.057240E-05
1.003000E+01,4.103570E-05
1.004000E+01,4.150920E-05
1.005000E+01,4.199310E-05
1.006000E+01,4.248760E-05
1.007000E+01,4.299280E-05
1.008000E+01,4.350890E-05
1.009000E+01,4.403610E-05
1.010000E+01,4.457450E-05
1.011000E+01,4.512450E-05
1.012000E+01,4.568610E-05
1.013000E+01,4.625960E-05
1.014000E+01,4.684530E-05
1.015000E+01,4.744320E-05
1.016000E+01,4.805370E-05
1.017000E+01,4.867700E-05
1.018000E+01,4.931330E-05
1.019000E+01,4.996290E-05
1.020000E+01,5.062600E-05
1.021000E+01,5.130290E-05
1.022000E+01,5.199380E-05
1.023000E+01,5.269910E-05
1.024000E+01,5.341900E-05
1.025000E+01,5.415370E-05
1.026000E+01,5.490370E-05
1.027000E+01,5.566910E-05
1.028000E+01,5.645020E-05
1.029000E+01,5.724750E-05
1.030000E+01,5.806110E-05
1.031000E+01,5.889140E-05
1.032000E+01,5.973880E-05
1.033000E+01,6.060350E-05
1.034000E+01,6.148580E-05
1.035000E+01,6.238620E-05
1.036000E+01,6.330490E-05
1.037000E+01,6.424230E-05
1.038000E+01,6.519880E-05
1.039000E+01,6.617460E-05
1.040000E+01,6.717010E-05
1.041000E+01,6.818560E-05
1.042000E+01,6.922160E-05
1.043000E+01,7.027840E-05
1.044000E+01,7.135620E-05
1.045000E+01,7.245560E-05
1.046000E+01,7.357670E-05
1.047000E+01,7.471990E-05
1.048000E+01,7.588560E-05
1.049000E+01,7.707410E-05
1.050000E+01,7.828570E-05
1.051000E+01,7.952070E-05
1.052000E+01,8.077950E-05
1.053000E+01,8.206230E-05
1.054000E+01,8.336930E-05
1.055000E+01,8.470100E-05
1.056000E+01,8.605740E-05
1.057000E+01,8.743890E-05
1.058000E+01,8.884560E-05
1.059000E+01,9.027770E-05
1.060000E+01,9.173540E-05
1.061000E+01,9.321880E-05
1.062000E+01,9.472800E-05
1.063000E+01,9.626300E-05
1.064000E+01,9.782400E-05
1.065000E+01,9.941080E-05
1.066000E+01,1.010234E-04
1.067000E+01,1.026618E-04
1.068000E+01,1.043257E-04
1.069000E+01,1.060150E-04
1.070000E+01,1.077293E-04
1.071000E+01,1.094684E-04
1.072000E+01,1.112319E-04
1.073000E+01,1.130192E-04
1.074000E+01,1.148300E-04
1.075000E+01,1.166634E-04
1.076000E+01,1.185189E-04
1.077000E+01,1.203956E-04
1.078000E+01,1.222928E-04
1.079000E+01,1.242093E-04
1.080000E+01,1.261441E-04
1.081000E+01,1.280961E-04
1.082000E+01,1.300639E-04
1.083000E+01,1.320462E-04
1.084000E+01,1.340414E-04
1.085000E+01,1.360479E-04
1.086000E+01,1.380640E-04
1.087000E+01,1.400878E-04
1.088000E+01,1.421173E-04
1.089000E+01,1.441503E-04
1.090000E+01,1.461848E-04
1.091000E+01,1.482181E-04
1.092000E+01,1.502480E-04
1.093000E+01,1.522718E-04
1.094000E+01,1.542867E-04
1.095000E+01,1.562900E-04
1.096000E+01,1.582786E-04
1.097000E+01,1.602496E-04
1.098000E+01,1.621997E-04
1.099000E+01,1.641259E-04
1.100000E+01,1.660248E-04
1.101000E+01,1.678930E-04
1.102000E+01,1.697272E-04
1.103000E+01,1.715238E-04
1.104000E+01,1.732795E-04
1.105000E+01,1.749908E-04
1.106000E+01,1.766541E-04
1.107000E+01,1.782661E-04
1.108000E+01,1.798234E-04
1.109000E+01,1.813226E-04
1.110000E+01,1.827605E-04
1.111000E+01,1.841339E-04
1.112000E+01,1.854398E-04
1.113000E+01,1.866753E-04
1.114000E+01,1.878377E-04
1.115000E+01,1.889244E-04
1.116000E+01,1.899330E-04
1.117000E+01,1.908613E-04
1.118000E+01,1.917075E-04
1.119000E+01,1.924698E-04
1.120000E+01,1.931468E-04
1.121000E+01,1.937371E-04
1.122000E+01,1.942400E-04
1.123000E+01,1.946547E-04
1.124000E+01,1.949807E-04
1.125000E+01,1.952181E-04
1.126000E+01,1.953668E-04
1.127000E+01,1.954275E-04
1.128000E+01,1.954007E-04
1.129000E+01,1.952874E-04
1.130000E+01,1.950888E-04
1.131000E+01,1.948065E-04
1.132000E+01,1.944419E-04
1.133000E+01,1.939972E-04
1.134000E+01,1.934744E-04
1.135000E+01,1.928759E-04
1.136000E+01,1.922040E-04
1.137000E+01,1.914614E-04
1.138000E+01,1.906510E-04
1.139000E+01,1.897757E-04
1.140000E+01,1.888383E-04
1.141000E+01,1.878421E-04
1.142000E+01,1.867902E-04
1.143000E+01,1.856858E-04
1.144000E+01,1.845322E-04
1.145000E+01,1.833325E-04
1.146000E+01,1.820902E-04
1.147000E+01,1.808084E-04
1.148000E+01,1.794904E-04
1.149000E+01,1.781393E-04
1.150000E+01,1.767584E-04
1.151000E+01,1.753506E-04
1.152000E+01,1.739191E-04
1.153000E+01,1.724668E-04
1.154000E+01,1.709964E-04
1.155000E+01,1.695108E-04
1.156000E+01,1.680127E-04
1.157000E+01,1.665046E-04
1.158000E+01,1.649890E-04
1.159000E+01,1.634683E-04
1.160000E+01,1.619447E-04
1.161000E+01,1.604203E-04
1.162000E+01,1.588972E-04
1.163000E+01,1.573774E-04
1.164000E+01,1.558626E-04
1.165000E+01,1.543546E-04
1.166000E+01,1.528550E-04
1.167000E+01,1.513653E-04
1.168000E+01,1.498869E-04
1.169000E+01,1.484212E-04
1.170000E+01,1.469693E-04
1.171000E+01,1.455324E-04
1.172000E+01,1.441116E-04
1.173000E+01,1.427078E-04
1.174000E+01,1.413219E-04
1.175000E+01,1.399547E-04
1.176000E+01,1.386070E-04
1.177000E+01,1.372794E-04
1.178000E+01,1.359726E-04
1.179000E+01,1.346870E-04
1.180000E+01,1.334232E-04
1.181000E+01,1.321815E-04
1.182000E+01,1.309625E-04
1.183000E+01,1.297663E-04
1.184000E+01,1.285934E-04
1.185000E+01,1.274439E-04
1.186000E+01,1.263181E-04
1.187000E+01,1.252161E-04
1.188000E+01,1.241381E-04
1.189000E+01,1.230841E-04
1.190000E+01,1.220543E-04
1.191000E+01,1.210488E-04
1.192000E+01,1.200675E-04
1.193000E+01,1.191104E-04
1.194000E+01,1.181777E-04
1.195000E+01,1.172692E-04
1.196000E+01,1.163849E-04
1.197000E+01,1.155247E-04
1.198000E+01,1.146886E-04
1.199000E+01,1.138766E-04
1.200000E+01,1.130885E-04
1.201000E+01,1.123243E-04
1.202000E+01,1.115838E-04
1.203000E+01,1.108670E-04
1.204000E+01,1.101737E-04
1.205000E+01,1.095039E-04
1.206000E+01,1.088575E-04
1.207000E+01,1.082343E-04
1.208000E+01,1.076342E-04
1.209000E+01,1.070572E-04
1.210000E+01,1.065032E-04
1.211000E+01,1.059719E-04
1.212000E+01,1.054634E-04
1.213000E+01,1.049776E-04
1.214000E+01,1.045143E-04
1.215000E+01,1.040735E-04
1.216000E+01,1.036552E-04
1.217000E+01,1.032592E-04
1.218000E+01,1.028854E-04
1.219000E+01,1.025340E-04
1.220000E+01,1.022047E-04
1.221000E+01,1.018976E-04
1.222000E+01,1.016127E-04
1.223000E+01,1.013498E-04
1.224000E+01,1.011092E-04
1.225000E+01,1.008906E-04
1.226000E+01,1.006942E-04
1.227000E+01,1.005200E-04
1.228000E+01,1.003681E-04
1.229000E+01,1.002384E-04
1.230000E+01,1.001311E-04
1.231000E+01,1.000463E-04
1.232000E+01,9.998400E-05
1.233000E+01,9.994430E-05
1.234000E+01,9.992740E-05
1.235000E+01,9.993350E-05
1.236000E+01,9.996260E-05
1.237000E+01,1.000149E-04
1.238000E+01,1.000907E-04
1.239000E+01,1.001902E-04
1.240000E+01,1.003135E-04
1.241000E+01,1.004609E-04
1.242000E+01,1.006327E-04
1.243000E+01,1.008292E-04
1.244000E+01,1.010506E-04
1.245000E+01,1.012973E-04
1.246000E+01,1.015696E-04
1.247000E+01,1.018679E-04
1.248000E+01,1.021926E-04
1.249000E+01,1.025440E-04
1.250000E+01,1.029226E-04
1.251000E+01,1.033289E-04
1.252000E+01,1.037634E-04
1.253000E+01,1.042265E-04
1.254000E+01,1.047188E-04
1.255000E+01,1.052408E-04
1.256000E+01,1.057932E-04
1.257000E+01,1.063765E-04
1.258000E+01,1.069913E-04
1.259000E+01,1.076385E-04
1.260000E+01,1.083186E-04
1.261000E+01,1.090325E-04
1.262000E+01,1.097808E-04
1.263000E+01,1.105644E-04
1.264000E+01,1.113841E-04
1.265000E+01,1.122408E-04
1.266000E+01,1.131353E-04
1.267000E+01,1.140687E-04
1.268000E+01,1.150419E-04
1.269000E+01,1.160559E-04
1.270000E+01,1.171118E-04
1.271000E+01,1.182106E-04
1.272000E+01,1.193534E-04
1.273000E+01,1.205415E-04
1.274000E+01,1.217760E-04
1.275000E+01,1.230581E-04
1.276000E+01,1.243890E-04
1.277000E+01,1.257702E-04
1.278000E+01,1.272029E-04
1.279000E+01,1.286885E-04
1.280000E+01,1.302283E-04
1.281000E+01,1.318238E-04
1.282000E+01,1.334764E-04
1.283000E+01,1.351875E-04
1.284000E+01,1.369587E-04
1.285000E+01,1.387913E-04
1.286000E+01,1.406869E-04
1.287000E+01,1.426470E-04
1.288000E+01,1.446730E-04
1.289000E+01,1.467664E-04
1.290000E+01,1.489285E-04
1.291000E+01,1.511607E-04
1.292000E+01,1.534645E-04
1.293000E+01,1.558409E-04
1.294000E+01,1.582912E-04
1.295000E+01,1.608165E-04
1.296000E+01,1.634176E-04
1.297000E+01,1.660954E-04
1.298000E+01,1.688506E-04
1.299000E+01,1.716834E-04
1.300000E+01,1.745943E-04
1.301000E+01,1.775830E-04
1.302000E+01,1.806494E-04
1.303000E+01,1.837927E-04
1.304000E+01,1.870120E-04
1.305000E+01,1.903058E-04
1.306000E+01,1.936724E-04
1.307000E+01,1.971095E-04
1.308000E+01,2.006141E-04
1.309000E+01,2.041829E-04
1.310000E+01,2.078119E-04
1.311000E+01,2.114964E-04
1.312000E+01,2.152310E-04
1.313000E+01,2.190097E-04
1.314000E+01,2.228254E-04
1.315000E+01,2.266706E-04
1.316000E+01,2.305366E-04
1.317000E+01,2.344141E-04
1.318000E+01,2.382929E-04
1.319000E+01,2.421619E-04
1.320000E+01,2.460091E-04
1.321000E+01,2.498219E-04
1.322000E+01,2.535868E-04
1.323000E+01,2.572895E-04
1.324000E+01,2.609155E-04
1.325000E+01,2.644493E-04
1.326000E+01,2.678754E-04
1.327000E+01,2.711779E-04
1.328000E+01,2.743408E-04
1.329000E+01,2.773483E-04
1.330000E+01,2.801848E-04
1.331000E+01,2.828352E-04
1.332000E+01,2.852851E-04
1.333000E+01,2.875209E-04
1.334000E+01,2.895301E-04
1.335000E+01,2.913016E-04
1.336000E+01,2.928255E-04
1.337000E+01,2.940938E-04
1.338000E+01,2.950999E-04
1.339000E+01,2.958393E-04
1.340000E+01,2.963093E-04
1.341000E+01,2.965092E-04
1.342000E+01,2.964401E-04
1.343000E+01,2.961053E-04
1.344000E+01,2.955097E-04
1.345000E+01,2.946601E-04
1.346000E+01,2.935650E-04
1.347000E+01,2.922343E-04
1.348000E+01,2.906793E-04
1.349000E+01,2.889125E-04
1.350000E+01,2.869472E-04
1.351000E+01,2.847976E-04
1.352000E+01,2.824784E-04
1.353000E+01,2.800049E-04
1.354000E+01,2.773922E-04
1.355000E+01,2.746558E-04
1.356000E+01,2.718109E-04
1.357000E+01,2.688725E-04
1.358000E+01,2.658549E-04
1.359000E+01,2.627724E-04
1.360000E+01,2.596383E-04
1.361000E+01,2.564654E-04
1.362000E+01,2.532658E-04
1.363000E+01,2.500507E-04
1.364000E+01,2.468307E-04
1.365000E+01,2.436155E-04
1.366000E+01,2.404140E-04
1.367000E+01,2.372343E-04
1.368000E+01,2.340838E-04
1.369000E+01,2.309692E-04
1.370000E+01,2.278962E-04
1.371000E+01,2.248702E-04
1.372000E+01,2.218958E-04
1.373000E+01,2.189769E-04
1.374000E+01,2.161169E-04
1.375000E+01,2.133188E-04
1.376000E+01,2.105850E-04
1.377000E+01,2.079174E-04
1.378000E+01,2.053176E-04
1.379000E+01,2.027868E-04
1.380000E+01,2.003259E-04
1.381000E+01,1.979355E-04
1.382000E+01,1.956158E-04
1.383000E+01,1.933670E-04
1.384000E+01,1.911889E-04
1.385000E+01,1.890812E-04
1.386000E+01,1.870434E-04
1.387000E+01,1.850749E-04
1.388000E+01,1.831749E-04
1.389000E+01,1.813426E-04
1.390000E+01,1.795771E-04
1.391000E+01,1.778774E-04
1.392000E+01,1.762423E-04
1.393000E+01,1.746708E-04
1.394000E+01,1.731618E-04
1.395000E+01,1.717140E-04
1.396000E+01,1.703264E-04
1.397000E+01,1.689976E-04
1.398000E+01,1.677265E-04
1.399000E+01,1.665118E-04
1.400000E+01,1.653525E-04
1.401000E+01,1.642472E-04
1.402000E+01,1.631948E-04
1.403000E+01,1.621942E-04
1.404000E+01,1.612441E-04
1.405000E+01,1.603436E-04
1.406000E+01,1.594915E-04
1.407000E+01,1.586868E-04
1.408000E+01,1.579283E-04
1.409000E+01,1.572151E-04
1.410000E+01,1.565463E-04
1.411000E+01,1.559208E-04
1.412000E+01,1.553377E-04
1.413000E+01,1.547962E-04
1.414000E+01,1.542953E-04
1.415000E+01,1.538343E-04
1.416000E+01,1.534124E-04
1.417000E+01,1.530287E-04
1.418000E+01,1.526826E-04
1.419000E+01,1.523733E-04
1.420000E+01,1.521001E-04
1.421000E+01,1.518624E-04
1.422000E+01,1.516595E-04
1.423000E+01,1.514909E-04
1.424000E+01,1.513559E-04
1.425000E+01,1.512541E-04
1.426000E+01,1.511849E-04
1.427000E+01,1.511478E-04
1.428000E+01,1.511423E-04
1.429000E+01,1.511681E-04
1.430000E+01,1.512246E-04
1.431000E+01,1.513114E-04
1.432000E+01,1.514283E-04
1.433000E+01,1.515748E-04
1.434000E+01,1.517506E-04
1.435000E+01,1.519554E-04
1.436000E+01,1.521889E-04
1.437000E+01,1.524508E-04
1.438000E+01,1.527409E-04
1.439000E+01,1.530590E-04
1.440000E+01,1.534048E-04
1.441000E+01,1.537781E-04
1.442000E+01,1.541788E-04
1.443000E+01,1.546067E-04
1.444000E+01,1.550618E-04
1.445000E+01,1.555437E-04
1.446000E+01,1.560525E-04
1.447000E+01,1.565881E-04
1.448000E+01,1.571504E-04
1.449000E+01,1.577393E-04
1.450000E+01,1.583548E-04
1.451000E+01,1.589968E-04
1.452000E+01,1.596654E-04
1.453000E+01,1.603606E-04
1.454000E+01,1.610824E-04
1.455000E+01,1.618308E-04
1.456000E+01,1.626059E-04
1.457000E+01,1.634078E-04
1.458000E+01,1.642364E-04
1.459000E+01,1.650920E-04
1.460000E+01,1.659746E-04
1.461000E+01,1.668844E-04
1.462000E+01,1.678215E-04
1.463000E+01,1.687860E-04
1.464000E+01,1.697781E-04
1.465000E+01,1.707980E-04
1.466000E+01,1.718459E-04
1.467000E+01,1.729220E-04
1.468000E+01,1.740265E-04
1.469000E+01,1.751597E-04
1.470000E+01,1.763218E-04
1.471000E+01,1.775130E-04
1.472000E+01,1.787337E-04
1.473000E+01,1.799841E-04
1.474000E+01,1.812645E-04
1.475000E+01,1.825753E-04
1.476000E+01,1.839169E-04
1.477000E+01,1.852894E-04
1.478000E+01,1.866934E-04
1.479000E+01,1.881292E-04
1.480000E+01,1.895971E-04
1.481000E+01,1.910977E-04
1.482000E+01,1.926313E-04
1.483000E+01,1.941983E-04
1.484000E+01,1.957993E-04
1.485000E+01,1.974346E-04
1.486000E+01,1.991048E-04
1.487000E+01,2.008104E-04
1.488000E+01,2.025519E-04
1.489000E+01,2.043299E-04
1.490000E+01,2.061448E-04
1.491000E+01,2.079973E-04
1.492000E+01,2.098880E-04
1.493000E+01,2.118174E-04
1.494000E+01,2.137861E-04
1.495000E+01,2.157949E-04
1.496000E+01,2.178444E-04
1.497000E+01,2.199352E-04
1.498000E+01,2.220681E-04
1.499000E+01,2.242437E-04
1.500000E+01,2.264628E-04
1.501000E+01,2.287263E-04
1.502000E+01,2.310347E-04
1.503000E+01,2.333890E-04
1.504000E+01,2.357899E-04
1.505000E+01,2.382383E-04
1.506000E+01,2.407350E-04
1.507000E+01,2.432810E-04
1.508000E+01,2.458771E-04
1.509000E+01,2.485243E-04
1.510000E+01,2.512234E-04
1.511000E+01,2.539755E-04
1.512000E+01,2.567817E-04
1.513000E+01,2.596427E-04
1.514000E+01,2.625599E-04
1.515000E+01,2.655341E-04
1.516000E+01,2.685665E-04
1.517000E+01,2.716582E-04
1.518000E+01,2.748104E-04
1.519000E+01,2.780241E-04
1.520000E+01,2.813007E-04
1.521000E+01,2.846413E-04
1.522000E+01,2.880472E-04
1.523000E+01,2.915195E-04
1.524000E+01,2.950598E-04
1.525000E+01,2.986691E-04
1.526000E+01,3.023490E-04
1.527000E+01,3.061008E-04
1.528000E+01,3.099258E-04
1.529000E+01,3.138256E-04
1.530000E+01,3.178015E-04
1.531000E+01,3.218550E-04
1.532000E+01,3.259877E-04
1.533000E+01,3.302011E-04
1.534000E+01,3.344968E-04
1.535000E+01,3.388762E-04
1.536000E+01,3.433411E-04
1.537000E+01,3.478931E-04
1.538000E+01,3.525338E-04
1.539000E+01,3.572649E-04
1.540000E+01,3.620880E-04
1.541000E+01,3.670050E-04
1.542000E+01,3.720175E-04
1.543000E+01,3.771274E-04
1.544000E+01,3.823362E-04
1.545000E+01,3.876460E-04
1.546000E+01,3.930584E-04
1.547000E+01,3.985753E-04
1.548000E+01,4.041984E-04
1.549000E+01,4.099296E-04
1.550000E+01,4.157708E-04
1.551000E+01,4.217237E-04
1.552000E+01,4.277901E-04
1.553000E+01,4.339719E-04
1.554000E+01,4.402710E-04
1.555000E+01,4.466889E-04
1.556000E+01,4.532276E-04
1.557000E+01,4.598888E-04
1.558000E+01,4.666742E-04
1.559000E+01,4.735854E-04
1.560000E+01,4.806241E-04
1.561000E+01,4.877919E-04
1.562000E+01,4.950903E-04
1.563000E+01,5.025209E-04
1.564000E+01,5.100848E-04
1.565000E+01,5.177836E-04
1.566000E+01,5.256185E-04
1.567000E+01,5.335904E-04
1.568000E+01,5.417006E-04
1.569000E+01,5.499498E-04
1.570000E+01,5.583389E-04
1.571000E+01,5.668685E-04
1.572000E+01,5.755390E-04
1.573000E+01,5.843507E-04
1.574000E+01,5.933039E-04
1.575000E+01,6.023982E-04
1.576000E+01,6.116336E-04
1.577000E+01,6.210094E-04
1.578000E+01,6.305248E-04
1.579000E+01,6.401789E-04
1.580000E+01,6.499703E-04
1.581000E+01,6.598973E-04
1.582000E+01,6.699581E-04
1.583000E+01,6.801502E-04
1.584000E+01,6.904711E-04
1.585000E+01,7.009178E-04
1.586000E+01,7.114867E-04
1.587000E+01,7.221741E-04
1.588000E+01,7.329756E-04
1.589000E+01,7.438864E-04
1.590000E+01,7.549014E-04
1.591000E+01,7.660147E-04
1.592000E+01,7.772201E-04
1.593000E+01,7.885108E-04
1.594000E+01,7.998793E-04
1.595000E+01,8.113178E-04
1.596000E+01,8.228176E-04
1.597000E+01,8.343697E-04
1.598000E+01,8.459643E-04
1.599000E+01,8.575909E-04
1.600000E+01,8.692387E-04
1.601000E+01,8.808959E-04
1.602000E+01,8.925503E-04
1.603000E+01,9.041889E-04
1.604000E+01,9.157984E-04
1.605000E+01,9.273644E-04
1.606000E+01,9.388724E-04
1.607000E+01,9.503071E-04
1.608000E+01,9.616525E-04
1.609000E+01,9.728924E-04
1.610000E+01,9.840100E-04
1.611000E+01,9.949879E-04
1.612000E+01,1.005809E-03
1.613000E+01,1.016454E-03
1.614000E+01,1.026906E-03
1.615000E+01,1.037146E-03
1.616000E+01,1.047155E-03
1.617000E+01,1.056914E-03
1.618000E+01,1.066406E-03
1.619000E+01,1.075610E-03
1.620000E+01,1.084510E-03
1.621000E+01,1.093085E-03
1.622000E+01,1.101320E-03
1.623000E+01,1.109195E-03
1.624000E+01,1.116695E-03
1.625000E+01,1.123802E-03
1.626000E+01,1.130502E-03
1.627000E+01,1.136779E-03
1.628000E+01,1.142620E-03
1.629000E+01,1.148011E-03
1.630000E+01,1.152941E-03
1.631000E+01,1.157398E-03
1.632000E+01,1.161374E-03
1.633000E+01,1.164860E-03
1.634000E+01,1.167849E-03
1.635000E+01,1.170335E-03
1.636000E+01,1.172314E-03
1.637000E+01,1.173783E-03
1.638000E+01,1.174740E-03
1.639000E+01,1.175186E-03
1.640000E+01,1.175122E-03
1.641000E+01,1.174550E-03
1.642000E+01,1.173475E-03
1.643000E+01,1.171902E-03
1.644000E+01,1.169839E-03
1.645000E+01,1.167293E-03
1.646000E+01,1.164273E-03
1.647000E+01,1.160790E-03
1.648000E+01,1.156856E-03
1.649000E+01,1.152483E-03
1.650000E+01,1.147684E-03
1.651000E+01,1.142474E-03
1.652000E+01,1.136868E-03
1.653000E+01,1.130881E-03
1.654000E+01,1.124530E-03
1.655000E+01,1.117831E-03
1.656000E+01,1.110802E-03
1.657000E+01,1.103459E-03
1.658000E+01,1.095821E-03
1.659000E+01,1.087905E-03
1.660000E+01,1.079729E-03
1.661000E+01,1.071311E-03
1.662000E+01,1.062668E-03
1.663000E+01,1.053818E-03
1.664000E+01,1.044779E-03
1.665000E+01,1.035567E-03
1.666000E+01,1.026199E-03
1.667000E+01,1.016692E-03
1.668000E+01,1.007061E-03
1.669000E+01,9.973218E-04
1.670000E+01,9.874898E-04
1.671000E+01,9.775793E-04
1.672000E+01,9.676043E-04
1.673000E+01,9.575783E-04
1.674000E+01,9.475141E-04
1.675000E+01,9.374242E-04
1.676000E+01,9.273202E-04
1.677000E+01,9.172133E-04
1.678000E+01,9.071142E-04
1.679000E+01,8.970329E-04
1.680000E+01,8.869789E-04
1.681000E+01,8.769610E-04
1.682000E+01,8.669876E-04
1.683000E+01,8.570667E-04
1.684000E+01,8.472054E-04
1.685000E+01,8.374106E-04
1.686000E+01,8.276885E-04
1.687000E+01,8.180451E-04
1.688000E+01,8.084857E-04
1.689000E+01,7.990151E-04
1.690000E+01,7.896380E-04
1.691000E+01,7.803583E-04
1.692000E+01,7.711798E-04
1.693000E+01,7.621059E-04
1.694000E+01,7.531395E-04
1.695000E+01,7.442833E-04
1.696000E+01,7.355395E-04
1.697000E+01,7.269103E-04
1.698000E+01,7.183974E-04
1.699000E+01,7.100022E-04
1.700000E+01,7.017260E-04
1.701000E+01,6.935699E-04
1.702000E+01,6.855344E-04
1.703000E+01,6.776204E-04
1.704000E+01,6.698280E-04
1.705000E+01,6.621576E-04
1.706000E+01,6.546092E-04
1.707000E+01,6.471826E-04
1.708000E+01,6.398776E-04
1.709000E+01,6.326938E-04
1.710000E+01,6.256307E-04
1.711000E+01,6.186877E-04
1.712000E+01,6.118641E-04
1.713000E+01,6.051589E-04
1.714000E+01,5.985714E-04
1.715000E+01,5.921006E-04
1.716000E+01,5.857454E-04
1.717000E+01,5.795047E-04
1.718000E+01,5.733773E-04
1.719000E+01,5.673621E-04
1.720000E+01,5.614577E-04
1.721000E+01,5.556629E-04
1.722000E+01,5.499764E-04
1.723000E+01,5.443967E-04
1.724000E+01,5.389226E-04
1.725000E+01,5.335526E-04
1.726000E+01,5.282853E-04
1.727000E+01,5.231192E-04
1.728000E+01,5.180530E-04
1.729000E+01,5.130851E-04
1.730000E+01,5.082141E-04
1.731000E+01,5.034386E-04
1.732000E+01,4.987571E-04
1.733000E+01,4.941681E-04
1.734000E+01,4.896703E-04
1.735000E+01,4.852620E-04
1.736000E+01,4.809421E-04
1.737000E+01,4.767089E-04
1.738000E+01,4.725610E-04
1.739000E+01,4.684972E-04
1.740000E+01,4.645160E-04
1.741000E+01,4.606159E-04
1.742000E+01,4.567957E-04
1.743000E+01,4.530540E-04
1.744000E+01,4.493895E-04
1.745000E+01,4.458008E-04
1.746000E+01,4.422867E-04
1.747000E+01,4.388459E-04
1.748000E+01,4.354771E-04
1.749000E+01,4.321791E-04
1.750000E+01,4.289506E-04
1.751000E+01,4.257905E-04
1.752000E+01,4.226975E-04
1.753000E+01,4.196706E-04
1.754000E+01,4.167085E-04
1.755000E+01,4.138101E-04
1.756000E+01,4.109743E-04
1.757000E+01,4.082000E-04
1.758000E+01,4.054861E-04
1.759000E+01,4.028317E-04
1.760000E+01,4.002356E-04
1.761000E+01,3.976968E-04
1.762000E+01,3.952144E-04
1.763000E+01,3.927873E-04
1.764000E+01,3.904147E-04
1.765000E+01,3.880955E-04
1.766000E+01,3.858288E-04
1.767000E+01,3.836137E-04
1.768000E+01,3.814494E-04
1.769000E+01,3.793349E-04
1.770000E+01,3.772695E-04
1.771000E+01,3.752521E-04
1.772000E+01,3.732822E-04
1.773000E+01,3.713587E-04
1.774000E+01,3.694810E-04
1.775000E+01,3.676482E-04
1.776000E+01,3.658596E-04
1.777000E+01,3.641145E-04
1.778000E+01,3.624120E-04
1.779000E+01,3.607516E-04
1.780000E+01,3.591324E-04
1.781000E+01,3.575539E-04
1.782000E+01,3.560152E-04
1.783000E+01,3.545158E-04
1.784000E+01,3.530550E-04
1.785000E+01,3.516321E-04
1.786000E+01,3.502466E-04
1.787000E+01,3.488978E-04
1.788000E+01,3.475851E-04
1.789000E+01,3.463079E-04
1.790000E+01,3.450656E-04
1.791000E+01,3.438577E-04
1.792000E+01,3.426836E-04
1.793000E+01,3.415428E-04
1.794000E+01,3.404346E-04
1.795000E+01,3.393587E-04
1.796000E+01,3.383144E-04
1.797000E+01,3.373013E-04
1.798000E+01,3.363188E-04
1.799000E+01,3.353665E-04
1.800000E+01,3.344438E-04
1.801000E+01,3.335504E-04
1.802000E+01,3.326857E-04
1.803000E+01,3.318493E-04
1.804000E+01,3.310407E-04
1.805000E+01,3.302594E-04
1.806000E+01,3.295052E-04
1.807000E+01,3.287774E-04
1.808000E+01,3.280757E-04
1.809000E+01,3.273997E-04
1.810000E+01,3.267490E-04
1.811000E+01,3.261231E-04
1.812000E+01,3.255217E-04
1.813000E+01,3.249444E-04
1.814000E+01,3.243907E-04
1.815000E+01,3.238604E-04
1.816000E+01,3.233530E-04
1.817000E+01,3.228682E-04
1.818000E+01,3.224056E-04
1.819000E+01,3.219649E-04
1.820000E+01,3.215456E-04
1.821000E+01,3.211475E-04
1.822000E+01,3.207702E-04
1.823000E+01,3.204133E-04
1.824000E+01,3.200766E-04
1.825000E+01,3.197597E-04
1.826000E+01,3.194622E-04
1.827000E+01,3.191839E-04
1.828000E+01,3.189244E-04
1.829000E+01,3.186833E-04
1.830000E+01,3.184605E-04
1.831000E+01,3.182555E-04
1.832000E+01,3.180681E-04
1.833000E+01,3.178980E-04
1.834000E+01,3.177448E-04
1.835000E+01,3.176083E-04
1.836000E+01,3.174881E-04
1.837000E+01,3.173840E-04
1.838000E+01,3.172957E-04
1.839000E+01,3.172228E-04
1.840000E+01,3.171652E-04
1.841000E+01,3.171224E-04
1.842000E+01,3.170943E-04
1.843000E+01,3.170805E-04
1.844000E+01,3.170808E-04
1.845000E+01,3.170948E-04
1.846000E+01,3.171223E-04
1.847000E+01,3.171631E-04
1.848000E+01,3.172168E-04
1.849000E+01,3.172832E-04
1.850000E+01,3.173620E-04
1.851000E+01,3.174530E-04
1.852000E+01,3.175558E-04
1.853000E+01,3.176702E-04
1.854000E+01,3.177959E-04
1.855000E+01,3.179327E-04
1.856000E+01,3.180803E-04
1.857000E+01,3.182384E-04
1.858000E+01,3.184068E-04
1.859000E+01,3.185851E-04
1.860000E+01,3.187732E-04
1.861000E+01,3.189708E-04
1.862000E+01,3.191776E-04
1.863000E+01,3.193933E-04
1.864000E+01,3.196178E-04
1.865000E+01,3.198506E-04
1.866000E+01,3.200916E-04
1.867000E+01,3.203406E-04
1.868000E+01,3.205971E-04
1.869000E+01,3.208611E-04
1.870000E+01,3.211322E-04
1.871000E+01,3.214101E-04
1.872000E+01,3.216947E-04
1.873000E+01,3.219856E-04
1.874000E+01,3.222826E-04
1.875000E+01,3.225854E-04
1.876000E+01,3.228938E-04
1.877000E+01,3.232075E-04
1.878000E+01,3.235263E-04
1.879000E+01,3.238498E-04
1.880000E+01,3.241779E-04
1.881000E+01,3.245103E-04
1.882000E+01,3.248468E-04
1.883000E+01,3.251869E-04
1.884000E+01,3.255306E-04
1.885000E+01,3.258776E-04
1.886000E+01,3.262276E-04
1.887000E+01,3.265803E-04
1.888000E+01,3.269355E-04
1.889000E+01,3.272929E-04
1.890000E+01,3.276523E-04
1.891000E+01,3.280135E-04
1.892000E+01,3.283761E-04
1.893000E+01,3.287399E-04
1.894000E+01,3.291047E-04
1.895000E+01,3.294702E-04
1.896000E+01,3.298361E-04
1.897000E+01,3.302023E-04
1.898000E+01,3.305684E-04
1.899000E+01,3.309342E-04
1.900000E+01,3.312995E-04
1.901000E+01,3.316640E-04
1.902000E+01,3.320275E-04
1.903000E+01,3.323896E-04
1.904000E+01,3.327503E-04
1.905000E+01,3.331091E-04
1.906000E+01,3.334660E-04
1.907000E+01,3.338206E-04
1.908000E+01,3.341727E-04
1.909000E+01,3.345220E-04
1.910000E+01,3.348684E-04
1.911000E+01,3.352116E-04
1.912000E+01,3.355513E-04
1.913000E+01,3.358873E-04
1.914000E+01,3.362194E-04
1.915000E+01,3.365474E-04
1.916000E+01,3.368710E-04
1.917000E+01,3.371901E-04
1.918000E+01,3.375043E-04
1.919000E+01,3.378134E-04
1.920000E+01,3.381173E-04
1.921000E+01,3.384158E-04
1.922000E+01,3.387085E-04
1.923000E+01,3.389953E-04
1.924000E+01,3.392760E-04
1.925000E+01,3.395504E-04
1.926000E+01,3.398183E-04
1.927000E+01,3.400795E-04
1.928000E+01,3.403337E-04
1.929000E+01,3.405808E-04
1.930000E+01,3.408206E-04
1.931000E+01,3.410529E-04
1.932000E+01,3.412774E-04
1.933000E+01,3.414942E-04
1.934000E+01,3.417028E-04
1.935000E+01,3.419033E-04
1.936000E+01,3.420953E-04
1.937000E+01,3.422788E-04
1.938000E+01,3.424535E-04
1.939000E+01,3.426193E-04
1.940000E+01,3.427761E-04
1.941000E+01,3.429237E-04
1.942000E+01,3.430619E-04
1.943000E+01,3.431905E-04
1.944000E+01,3.433096E-04
1.945000E+01,3.434188E-04
1.946000E+01,3.435181E-04
1.947000E+01,3.436074E-04
1.948000E+01,3.436864E-04
1.949000E+01,3.437552E-04
1.950000E+01,3.438135E-04
1.951000E+01,3.438613E-04
1.952000E+01,3.438985E-04
1.953000E+01,3.439249E-04
1.954000E+01,3.439405E-04
1.955000E+01,3.439451E-04
1.956000E+01,3.439387E-04
1.957000E+01,3.439211E-04
1.958000E+01,3.438924E-04
1.959000E+01,3.438524E-04
1.960000E+01,3.438010E-04
1.961000E+01,3.437382E-04
1.962000E+01,3.436640E-04
1.963000E+01,3.435781E-04
1.964000E+01,3.434807E-04
1.965000E+01,3.433717E-04
1.966000E+01,3.432510E-04
1.967000E+01,3.431185E-04
1.968000E+01,3.429743E-04
1.969000E+01,3.428183E-04
1.970000E+01,3.426504E-04
1.971000E+01,3.424708E-04
1.972000E+01,3.422793E-04
1.973000E+01,3.420759E-04
1.974000E+01,3.418606E-04
1.975000E+01,3.416335E-04
1.976000E+01,3.413945E-04
1.977000E+01,3.411437E-04
1.978000E+01,3.408809E-04
1.979000E+01,3.406064E-04
1.980000E+01,3.403200E-04
1.981000E+01,3.400219E-04
1.982000E+01,3.397119E-04
1.983000E+01,3.393903E-04
1.984000E+01,3.390569E-04
1.985000E+01,3.387119E-04
1.986000E+01,3.383552E-04
1.987000E+01,3.379871E-04
1.988000E+01,3.376074E-04
1.989000E+01,3.372162E-04
1.990000E+01,3.368137E-04
1.991000E+01,3.363998E-04
1.992000E+01,3.359746E-04
1.993000E+01,3.355383E-04
1.994000E+01,3.350909E-04
1.995000E+01,3.346324E-04
1.996000E+01,3.341630E-04
1.997000E+01,3.336827E-04
1.998000E+01,3.331916E-04
1.999000E+01,3.326898E-04
2.000000E+01,3.321775E-04
